,0
0,46.0
1,44.0
2,46.0
3,44.0
4,40.0
5,36.0
6,36.0
7,36.0
8,34.0
9,32.0
10,29.0
11,29.0
12,28.0
13,26.0
14,27.0
15,26.0
16,25.0
17,24.0
18,23.0
19,24.0
20,25.0
21,24.0
22,23.0
23,22.0
24,23.0
25,20.0
26,22.0
27,21.0
28,20.0
29,16.0
30,16.0
31,16.0
32,16.0
33,15.0
34,15.0
35,16.0
36,14.0
37,14.0
38,14.0
39,13.0
40,14.0
41,13.0
42,12.0
43,13.0
44,13.0
45,13.0
46,12.0
47,10.0
48,11.0
49,11.0
50,12.0
51,13.0
52,12.0
53,12.0
54,13.0
55,16.0
56,15.0
57,17.0
58,16.0
59,17.0
60,15.0
61,18.0
62,18.0
63,20.0
64,21.0
65,22.0
66,26.0
67,28.0
68,32.0
69,32.0
70,31.0
71,29.0
72,30.0
73,33.0
74,37.0
75,43.0
76,49.0
77,48.0
78,50.0
79,54.0
80,60.0
81,62.0
82,60.0
83,58.0
84,56.0
85,57.0
86,64.0
87,69.0
88,75.0
89,78.0
90,77.0
91,81.0
92,89.0
93,91.0
94,89.0
95,88.0
96,86.0
97,87.0
98,87.0
99,91.0
100,95.0
101,94.0
102,97.0
103,105.0
104,109.0
105,112.0
106,109.0
107,105.0
108,98.0
109,100.0
110,99.0
111,102.0
112,106.0
113,110.0
114,111.0
115,116.0
116,114.0
117,126.0
118,120.0
119,118.0
120,116.0
121,111.0
122,117.0
123,122.0
124,118.0
125,124.0
126,127.0
127,126.0
128,127.0
129,132.0
130,135.0
131,125.0
132,124.0
133,128.0
134,128.0
135,126.0
136,133.0
137,133.0
138,133.0
139,129.0
140,134.0
141,138.0
142,135.0
143,138.0
144,136.0
145,137.0
146,134.0
147,134.0
148,140.0
149,136.0
150,138.0
151,138.0
152,139.0
153,138.0
154,139.0
155,128.0
156,138.0
157,134.0
158,136.0
159,132.0
160,139.0
161,139.0
162,131.0
163,134.0
164,140.0
165,138.0
166,129.0
167,133.0
168,134.0
169,131.0
170,130.0
171,134.0
172,133.0
173,130.0
174,134.0
175,134.0
176,128.0
177,136.0
178,135.0
179,137.0
180,139.0
181,142.0
182,139.0
183,140.0
184,140.0
185,140.0
186,136.0
187,139.0
188,138.0
189,143.0
190,141.0
191,135.0
192,134.0
193,136.0
194,132.0
195,131.0
196,138.0
197,132.0
198,135.0
199,134.0
200,143.0
201,133.0
202,138.0
203,132.0
204,132.0
205,132.0
206,129.0
207,128.0
208,130.0
209,134.0
210,132.0
211,132.0
212,129.0
213,128.0
214,129.0
215,129.0
216,122.0
217,126.0
218,128.0
219,130.0
220,129.0
221,124.0
222,120.0
223,121.0
224,117.0
225,113.0
226,108.0
227,108.0
228,105.0
229,106.0
230,104.0
231,108.0
232,103.0
233,100.0
234,101.0
235,98.0
236,96.0
237,96.0
238,93.0
239,88.0
240,88.0
241,92.0
242,94.0
243,90.0
244,88.0
245,88.0
246,85.0
247,83.0
248,87.0
249,81.0
250,82.0
251,83.0
252,84.0
253,88.0
254,88.0
255,95.0
256,92.0
257,85.0
258,84.0
259,87.0
260,86.0
261,82.0
262,81.0
263,82.0
264,80.0
265,78.0
266,80.0
267,85.0
268,78.0
269,80.0
270,76.0
271,76.0
272,76.0
273,77.0
274,73.0
275,68.0
276,66.0
277,65.0
278,66.0
279,64.0
280,64.0
281,62.0
282,59.0
283,55.0
284,54.0
285,52.0
286,49.0
287,46.0
288,44.0
289,44.0
290,46.0
291,42.0
292,44.0
293,40.0
294,40.0
295,33.0
296,36.0
297,34.0
298,34.0
299,29.0
300,29.0
301,30.0
302,28.0
303,27.0
304,26.0
305,23.0
306,27.0
307,24.0
308,25.0
309,26.0
310,27.0
311,24.0
312,25.0
313,26.0
314,25.0
315,23.0
316,22.0
317,21.0
318,18.0
319,16.0
320,18.0
321,16.0
322,14.0
323,15.0
324,15.0
325,15.0
326,14.0
327,14.0
328,13.0
329,13.0
330,12.0
331,14.0
332,13.0
333,12.0
334,12.0
335,12.0
336,11.0
337,11.0
338,10.0
339,13.0
340,10.0
341,11.0
342,11.0
343,12.0
344,12.0
345,12.0
346,12.0
347,10.0
348,11.0
349,12.0
350,13.0
351,14.0
352,12.0
353,12.0
354,15.0
355,17.0
356,19.0
357,18.0
358,18.0
359,17.0
360,17.0
361,19.0
362,21.0
363,24.0
364,25.0
365,28.0
366,30.0
367,29.0
368,30.0
369,34.0
370,32.0
371,32.0
372,30.0
373,33.0
374,36.0
375,38.0
376,40.0
377,42.0
378,43.0
379,45.0
380,47.0
381,49.0
382,50.0
383,52.0
384,48.0
385,47.0
386,50.0
387,53.0
388,54.0
389,55.0
390,59.0
391,64.0
392,67.0
393,70.0
394,71.0
395,72.0
396,67.0
397,70.0
398,72.0
399,72.0
400,78.0
401,78.0
402,83.0
403,83.0
404,91.0
405,96.0
406,98.0
407,92.0
408,91.0
409,94.0
410,92.0
411,96.0
412,98.0
413,102.0
414,106.0
415,107.0
416,106.0
417,113.0
418,114.0
419,112.0
420,110.0
421,110.0
422,110.0
423,111.0
424,113.0
425,114.0
426,111.0
427,118.0
428,114.0
429,117.0
430,117.0
431,121.0
432,120.0
433,119.0
434,126.0
435,126.0
436,130.0
437,131.0
438,132.0
439,133.0
440,134.0
441,136.0
442,135.0
443,134.0
444,130.0
445,132.0
446,134.0
447,133.0
448,130.0
449,132.0
450,132.0
451,130.0
452,127.0
453,130.0
454,131.0
455,129.0
456,131.0
457,131.0
458,130.0
459,130.0
460,132.0
461,131.0
462,131.0
463,134.0
464,128.0
465,131.0
466,134.0
467,129.0
468,121.0
469,126.0
470,125.0
471,127.0
472,131.0
473,127.0
474,127.0
475,128.0
476,134.0
477,131.0
478,128.0
479,128.0
480,124.0
481,127.0
482,126.0
483,124.0
484,120.0
485,123.0
486,119.0
487,122.0
488,128.0
489,125.0
490,124.0
491,119.0
492,119.0
493,118.0
494,122.0
495,123.0
496,117.0
497,120.0
498,119.0
499,118.0
500,117.0
501,111.0
502,117.0
503,110.0
504,110.0
505,111.0
506,115.0
507,114.0
508,114.0
509,110.0
510,106.0
511,104.0
512,101.0
513,97.0
514,95.0
515,93.0
516,90.0
517,92.0
518,90.0
519,92.0
520,90.0
521,89.0
522,86.0
523,84.0
524,87.0
525,87.0
526,83.0
527,82.0
528,84.0
529,82.0
530,83.0
531,82.0
532,86.0
533,87.0
534,84.0
535,82.0
536,80.0
537,81.0
538,83.0
539,79.0
540,82.0
541,77.0
542,81.0
543,76.0
544,75.0
545,74.0
546,68.0
547,70.0
548,66.0
549,64.0
550,63.0
551,61.0
552,60.0
553,58.0
554,62.0
555,62.0
556,57.0
557,56.0
558,50.0
559,51.0
560,48.0
561,46.0
562,42.0
563,41.0
564,38.0
565,38.0
566,40.0
567,38.0
568,36.0
569,34.0
570,31.0
571,33.0
572,30.0
573,31.0
574,28.0
575,25.0
576,24.0
577,22.0
578,22.0
579,22.0
580,21.0
581,19.0
582,19.0
583,19.0
584,19.0
585,18.0
586,15.0
587,14.0
588,14.0
589,14.0
590,14.0
591,14.0
592,12.0
593,12.0
594,10.0
595,11.0
596,11.0
597,11.0
598,11.0
599,10.0
600,10.0
601,9.0
602,10.0
603,10.0
604,8.0
605,9.0
606,9.0
607,9.0
608,10.0
609,10.0
610,8.0
611,9.0
612,8.0
613,8.0
614,10.0
615,10.0
616,11.0
617,11.0
618,11.0
619,13.0
620,15.0
621,14.0
622,13.0
623,12.0
624,12.0
625,14.0
626,14.0
627,16.0
628,18.0
629,19.0
630,22.0
631,25.0
632,28.0
633,29.0
634,30.0
635,28.0
636,28.0
637,30.0
638,34.0
639,40.0
640,44.0
641,48.0
642,55.0
643,68.0
644,73.0
645,83.0
646,80.0
647,80.0
648,79.0
649,84.0
650,97.0
651,107.0
652,114.0
653,113.0
654,127.0
655,122.0
656,128.0
657,121.0
658,120.0
659,120.0
660,128.0
661,128.0
662,132.0
663,140.0
664,138.0
665,128.0
666,137.0
667,132.0
668,134.0
669,127.0
670,132.0
671,127.0
672,118.0
673,130.0
674,130.0
675,125.0
676,125.0
677,114.0
678,126.0
679,117.0
680,126.0
681,118.0
682,129.0
683,114.0
684,111.0
685,104.0
686,104.0
687,108.0
688,115.0
689,123.0
690,121.0
691,113.0
692,121.0
693,117.0
694,119.0
695,116.0
696,116.0
697,120.0
698,122.0
699,118.0
700,124.0
701,116.0
702,119.0
703,118.0
704,119.0
705,124.0
706,117.0
707,116.0
708,117.0
709,123.0
710,124.0
711,120.0
712,126.0
713,123.0
714,122.0
715,122.0
716,123.0
717,128.0
718,130.0
719,126.0
720,123.0
721,125.0
722,136.0
723,128.0
724,125.0
725,130.0
726,116.0
727,126.0
728,122.0
729,121.0
730,134.0
731,126.0
732,124.0
733,131.0
734,122.0
735,132.0
736,127.0
737,127.0
738,132.0
739,135.0
740,129.0
741,138.0
742,132.0
743,134.0
744,127.0
745,129.0
746,134.0
747,129.0
748,133.0
749,132.0
750,138.0
751,144.0
752,149.0
753,139.0
754,141.0
755,132.0
756,132.0
757,135.0
758,144.0
759,142.0
760,140.0
761,137.0
762,134.0
763,134.0
764,145.0
765,141.0
766,146.0
767,147.0
768,137.0
769,146.0
770,137.0
771,144.0
772,128.0
773,131.0
774,141.0
775,138.0
776,141.0
777,136.0
778,142.0
779,138.0
780,126.0
781,139.0
782,139.0
783,130.0
784,126.0
785,126.0
786,127.0
787,130.0
788,128.0
789,122.0
790,128.0
791,120.0
792,114.0
793,114.0
794,120.0
795,117.0
796,114.0
797,114.0
798,116.0
799,105.0
800,111.0
801,118.0
802,108.0
803,111.0
804,105.0
805,102.0
806,102.0
807,97.0
808,96.0
809,95.0
810,97.0
811,93.0
812,93.0
813,90.0
814,85.0
815,85.0
816,85.0
817,86.0
818,86.0
819,90.0
820,86.0
821,82.0
822,80.0
823,81.0
824,76.0
825,81.0
826,80.0
827,75.0
828,78.0
829,83.0
830,85.0
831,78.0
832,76.0
833,76.0
834,75.0
835,72.0
836,71.0
837,71.0
838,65.0
839,58.0
840,57.0
841,61.0
842,60.0
843,61.0
844,56.0
845,52.0
846,52.0
847,48.0
848,49.0
849,49.0
850,45.0
851,38.0
852,37.0
853,38.0
854,38.0
855,37.0
856,36.0
857,34.0
858,33.0
859,34.0
860,32.0
861,30.0
862,28.0
863,26.0
864,26.0
865,27.0
866,28.0
867,25.0
868,23.0
869,19.0
870,18.0
871,18.0
872,20.0
873,18.0
874,16.0
875,14.0
876,12.0
877,14.0
878,14.0
879,14.0
880,12.0
881,12.0
882,10.0
883,12.0
884,12.0
885,12.0
886,10.0
887,10.0
888,10.0
889,11.0
890,10.0
891,10.0
892,9.0
893,8.0
894,9.0
895,9.0
896,11.0
897,10.0
898,10.0
899,9.0
900,9.0
901,9.0
902,10.0
903,11.0
904,10.0
905,10.0
906,12.0
907,12.0
908,14.0
909,14.0
910,13.0
911,14.0
912,12.0
913,13.0
914,16.0
915,16.0
916,16.0
917,18.0
918,21.0
919,25.0
920,26.0
921,30.0
922,27.0
923,29.0
924,30.0
925,30.0
926,34.0
927,40.0
928,44.0
929,50.0
930,59.0
931,66.0
932,77.0
933,80.0
934,84.0
935,79.0
936,88.0
937,91.0
938,108.0
939,118.0
940,118.0
941,122.0
942,124.0
943,123.0
944,132.0
945,135.0
946,130.0
947,130.0
948,136.0
949,128.0
950,136.0
951,137.0
952,132.0
953,131.0
954,138.0
955,137.0
956,131.0
957,129.0
958,124.0
959,116.0
960,114.0
961,118.0
962,122.0
963,119.0
964,123.0
965,126.0
966,117.0
967,127.0
968,119.0
969,122.0
970,128.0
971,122.0
972,121.0
973,120.0
974,118.0
975,120.0
976,119.0
977,120.0
978,125.0
979,120.0
980,115.0
981,114.0
982,118.0
983,117.0
984,119.0
985,108.0
986,121.0
987,119.0
988,117.0
989,124.0
990,122.0
991,119.0
992,125.0
993,118.0
994,124.0
995,116.0
996,116.0
997,127.0
998,125.0
999,124.0
1000,125.0
1001,126.0
1002,124.0
1003,122.0
1004,130.0
1005,120.0
1006,122.0
1007,122.0
1008,125.0
1009,124.0
1010,126.0
1011,124.0
1012,130.0
1013,127.0
1014,124.0
1015,131.0
1016,134.0
1017,135.0
1018,128.0
1019,128.0
1020,130.0
1021,129.0
1022,127.0
1023,128.0
1024,129.0
1025,126.0
1026,133.0
1027,132.0
1028,124.0
1029,134.0
1030,135.0
1031,132.0
1032,128.0
1033,128.0
1034,132.0
1035,133.0
1036,137.0
1037,126.0
1038,130.0
1039,136.0
1040,140.0
1041,138.0
1042,137.0
1043,136.0
1044,132.0
1045,137.0
1046,147.0
1047,148.0
1048,140.0
1049,134.0
1050,140.0
1051,146.0
1052,144.0
1053,144.0
1054,139.0
1055,136.0
1056,138.0
1057,138.0
1058,142.0
1059,134.0
1060,140.0
1061,140.0
1062,139.0
1063,138.0
1064,138.0
1065,134.0
1066,121.0
1067,129.0
1068,133.0
1069,123.0
1070,123.0
1071,123.0
1072,123.0
1073,123.0
1074,116.0
1075,118.0
1076,122.0
1077,124.0
1078,121.0
1079,120.0
1080,118.0
1081,119.0
1082,115.0
1083,118.0
1084,120.0
1085,115.0
1086,110.0
1087,116.0
1088,110.0
1089,115.0
1090,101.0
1091,108.0
1092,101.0
1093,103.0
1094,105.0
1095,90.0
1096,98.0
1097,91.0
1098,88.0
1099,90.0
1100,92.0
1101,88.0
1102,79.0
1103,80.0
1104,80.0
1105,80.0
1106,86.0
1107,81.0
1108,84.0
1109,83.0
1110,76.0
1111,75.0
1112,85.0
1113,78.0
1114,78.0
1115,79.0
1116,74.0
1117,69.0
1118,78.0
1119,76.0
1120,76.0
1121,76.0
1122,75.0
1123,74.0
1124,71.0
1125,70.0
1126,67.0
1127,63.0
1128,61.0
1129,58.0
1130,58.0
1131,60.0
1132,56.0
1133,53.0
1134,53.0
1135,56.0
1136,58.0
1137,54.0
1138,47.0
1139,42.0
1140,40.0
1141,41.0
1142,41.0
1143,35.0
1144,37.0
1145,36.0
1146,33.0
1147,32.0
1148,30.0
1149,30.0
1150,28.0
1151,25.0
1152,27.0
1153,27.0
1154,26.0
1155,24.0
1156,23.0
1157,19.0
1158,19.0
1159,18.0
1160,19.0
1161,18.0
1162,17.0
1163,14.0
1164,13.0
1165,13.0
1166,14.0
1167,14.0
1168,14.0
1169,12.0
1170,12.0
1171,12.0
1172,13.0
1173,13.0
1174,12.0
1175,11.0
1176,11.0
1177,11.0
1178,12.0
1179,10.0
1180,10.0
1181,9.0
1182,9.0
1183,10.0
1184,10.0
1185,10.0
1186,10.0
1187,10.0
1188,9.0
1189,9.0
1190,10.0
1191,10.0
1192,10.0
1193,10.0
1194,11.0
1195,12.0
1196,12.0
1197,13.0
1198,13.0
1199,11.0
1200,11.0
1201,13.0
1202,14.0
1203,15.0
1204,17.0
1205,17.0
1206,19.0
1207,24.0
1208,27.0
1209,29.0
1210,29.0
1211,28.0
1212,26.0
1213,31.0
1214,32.0
1215,39.0
1216,45.0
1217,47.0
1218,55.0
1219,62.0
1220,80.0
1221,80.0
1222,77.0
1223,80.0
1224,80.0
1225,90.0
1226,104.0
1227,110.0
1228,119.0
1229,108.0
1230,118.0
1231,125.0
1232,121.0
1233,134.0
1234,124.0
1235,133.0
1236,130.0
1237,134.0
1238,132.0
1239,142.0
1240,131.0
1241,136.0
1242,130.0
1243,131.0
1244,140.0
1245,136.0
1246,137.0
1247,123.0
1248,118.0
1249,121.0
1250,117.0
1251,121.0
1252,116.0
1253,116.0
1254,119.0
1255,124.0
1256,123.0
1257,121.0
1258,130.0
1259,123.0
1260,113.0
1261,116.0
1262,120.0
1263,119.0
1264,113.0
1265,113.0
1266,117.0
1267,126.0
1268,122.0
1269,123.0
1270,128.0
1271,118.0
1272,114.0
1273,116.0
1274,120.0
1275,115.0
1276,122.0
1277,124.0
1278,116.0
1279,123.0
1280,122.0
1281,127.0
1282,122.0
1283,121.0
1284,122.0
1285,124.0
1286,120.0
1287,129.0
1288,127.0
1289,124.0
1290,125.0
1291,126.0
1292,120.0
1293,131.0
1294,128.0
1295,124.0
1296,124.0
1297,127.0
1298,128.0
1299,123.0
1300,126.0
1301,125.0
1302,126.0
1303,121.0
1304,128.0
1305,127.0
1306,130.0
1307,128.0
1308,123.0
1309,138.0
1310,128.0
1311,140.0
1312,131.0
1313,127.0
1314,131.0
1315,127.0
1316,121.0
1317,131.0
1318,125.0
1319,118.0
1320,125.0
1321,125.0
1322,133.0
1323,140.0
1324,136.0
1325,128.0
1326,132.0
1327,142.0
1328,150.0
1329,151.0
1330,139.0
1331,136.0
1332,131.0
1333,136.0
1334,153.0
1335,152.0
1336,147.0
1337,137.0
1338,145.0
1339,153.0
1340,156.0
1341,161.0
1342,147.0
1343,142.0
1344,146.0
1345,151.0
1346,161.0
1347,153.0
1348,152.0
1349,146.0
1350,148.0
1351,156.0
1352,151.0
1353,149.0
1354,140.0
1355,144.0
1356,140.0
1357,136.0
1358,130.0
1359,127.0
1360,124.0
1361,129.0
1362,126.0
1363,129.0
1364,133.0
1365,129.0
1366,130.0
1367,126.0
1368,131.0
1369,130.0
1370,131.0
1371,123.0
1372,126.0
1373,119.0
1374,113.0
1375,114.0
1376,117.0
1377,107.0
1378,110.0
1379,114.0
1380,108.0
1381,108.0
1382,114.0
1383,114.0
1384,104.0
1385,100.0
1386,102.0
1387,96.0
1388,96.0
1389,92.0
1390,94.0
1391,89.0
1392,86.0
1393,90.0
1394,86.0
1395,90.0
1396,93.0
1397,84.0
1398,83.0
1399,82.0
1400,80.0
1401,80.0
1402,87.0
1403,85.0
1404,81.0
1405,89.0
1406,81.0
1407,86.0
1408,74.0
1409,77.0
1410,78.0
1411,75.0
1412,76.0
1413,74.0
1414,67.0
1415,66.0
1416,64.0
1417,64.0
1418,70.0
1419,60.0
1420,64.0
1421,59.0
1422,57.0
1423,55.0
1424,56.0
1425,51.0
1426,48.0
1427,44.0
1428,43.0
1429,41.0
1430,45.0
1431,41.0
1432,38.0
1433,34.0
1434,33.0
1435,34.0
1436,34.0
1437,34.0
1438,31.0
1439,29.0
1440,28.0
1441,29.0
1442,27.0
1443,28.0
1444,24.0
1445,21.0
1446,20.0
1447,19.0
1448,21.0
1449,20.0
1450,17.0
1451,15.0
1452,14.0
1453,15.0
1454,16.0
1455,14.0
1456,14.0
1457,13.0
1458,12.0
1459,14.0
1460,14.0
1461,14.0
1462,12.0
1463,12.0
1464,12.0
1465,12.0
1466,12.0
1467,12.0
1468,11.0
1469,11.0
1470,9.0
1471,10.0
1472,10.0
1473,10.0
1474,11.0
1475,10.0
1476,10.0
1477,10.0
1478,10.0
1479,10.0
1480,10.0
1481,10.0
1482,11.0
1483,13.0
1484,14.0
1485,14.0
1486,14.0
1487,13.0
1488,12.0
1489,12.0
1490,15.0
1491,18.0
1492,18.0
1493,18.0
1494,21.0
1495,25.0
1496,28.0
1497,30.0
1498,28.0
1499,28.0
1500,29.0
1501,30.0
1502,35.0
1503,40.0
1504,46.0
1505,48.0
1506,62.0
1507,70.0
1508,78.0
1509,85.0
1510,85.0
1511,80.0
1512,86.0
1513,96.0
1514,106.0
1515,116.0
1516,122.0
1517,127.0
1518,124.0
1519,126.0
1520,133.0
1521,127.0
1522,134.0
1523,135.0
1524,136.0
1525,146.0
1526,138.0
1527,146.0
1528,143.0
1529,149.0
1530,137.0
1531,135.0
1532,140.0
1533,133.0
1534,129.0
1535,128.0
1536,122.0
1537,120.0
1538,124.0
1539,128.0
1540,120.0
1541,118.0
1542,125.0
1543,125.0
1544,130.0
1545,120.0
1546,125.0
1547,126.0
1548,117.0
1549,117.0
1550,112.0
1551,116.0
1552,118.0
1553,118.0
1554,125.0
1555,116.0
1556,114.0
1557,118.0
1558,120.0
1559,122.0
1560,119.0
1561,119.0
1562,123.0
1563,122.0
1564,120.0
1565,124.0
1566,124.0
1567,124.0
1568,130.0
1569,125.0
1570,128.0
1571,124.0
1572,118.0
1573,122.0
1574,121.0
1575,131.0
1576,131.0
1577,124.0
1578,124.0
1579,124.0
1580,130.0
1581,130.0
1582,126.0
1583,115.0
1584,123.0
1585,126.0
1586,125.0
1587,126.0
1588,135.0
1589,127.0
1590,124.0
1591,128.0
1592,130.0
1593,129.0
1594,133.0
1595,129.0
1596,126.0
1597,122.0
1598,131.0
1599,121.0
1600,122.0
1601,124.0
1602,123.0
1603,126.0
1604,135.0
1605,129.0
1606,131.0
1607,130.0
1608,129.0
1609,129.0
1610,140.0
1611,133.0
1612,134.0
1613,135.0
1614,139.0
1615,142.0
1616,150.0
1617,148.0
1618,144.0
1619,138.0
1620,142.0
1621,150.0
1622,172.0
1623,169.0
1624,163.0
1625,165.0
1626,162.0
1627,176.0
1628,167.0
1629,161.0
1630,160.0
1631,148.0
1632,148.0
1633,153.0
1634,141.0
1635,142.0
1636,140.0
1637,142.0
1638,143.0
1639,149.0
1640,137.0
1641,129.0
1642,128.0
1643,124.0
1644,133.0
1645,130.0
1646,131.0
1647,122.0
1648,126.0
1649,126.0
1650,133.0
1651,130.0
1652,136.0
1653,134.0
1654,132.0
1655,130.0
1656,127.0
1657,134.0
1658,136.0
1659,128.0
1660,128.0
1661,126.0
1662,126.0
1663,121.0
1664,119.0
1665,115.0
1666,109.0
1667,116.0
1668,106.0
1669,114.0
1670,114.0
1671,103.0
1672,108.0
1673,98.0
1674,97.0
1675,97.0
1676,99.0
1677,93.0
1678,94.0
1679,93.0
1680,83.0
1681,90.0
1682,88.0
1683,92.0
1684,95.0
1685,96.0
1686,88.0
1687,88.0
1688,86.0
1689,86.0
1690,80.0
1691,80.0
1692,80.0
1693,82.0
1694,82.0
1695,80.0
1696,79.0
1697,80.0
1698,74.0
1699,74.0
1700,78.0
1701,74.0
1702,69.0
1703,71.0
1704,63.0
1705,65.0
1706,70.0
1707,65.0
1708,62.0
1709,62.0
1710,59.0
1711,59.0
1712,59.0
1713,53.0
1714,52.0
1715,48.0
1716,45.0
1717,46.0
1718,48.0
1719,42.0
1720,39.0
1721,40.0
1722,36.0
1723,37.0
1724,36.0
1725,36.0
1726,32.0
1727,30.0
1728,30.0
1729,31.0
1730,30.0
1731,28.0
1732,27.0
1733,24.0
1734,22.0
1735,21.0
1736,22.0
1737,21.0
1738,18.0
1739,17.0
1740,16.0
1741,15.0
1742,16.0
1743,16.0
1744,15.0
1745,14.0
1746,15.0
1747,14.0
1748,15.0
1749,15.0
1750,14.0
1751,13.0
1752,14.0
1753,14.0
1754,14.0
1755,12.0
1756,12.0
1757,11.0
1758,11.0
1759,11.0
1760,10.0
1761,12.0
1762,11.0
1763,11.0
1764,11.0
1765,10.0
1766,11.0
1767,10.0
1768,12.0
1769,11.0
1770,12.0
1771,14.0
1772,15.0
1773,14.0
1774,14.0
1775,13.0
1776,12.0
1777,12.0
1778,14.0
1779,16.0
1780,16.0
1781,17.0
1782,20.0
1783,25.0
1784,27.0
1785,30.0
1786,27.0
1787,27.0
1788,28.0
1789,29.0
1790,34.0
1791,37.0
1792,39.0
1793,44.0
1794,53.0
1795,62.0
1796,73.0
1797,78.0
1798,80.0
1799,76.0
1800,77.0
1801,88.0
1802,99.0
1803,112.0
1804,114.0
1805,119.0
1806,126.0
1807,136.0
1808,136.0
1809,143.0
1810,129.0
1811,128.0
1812,134.0
1813,136.0
1814,128.0
1815,143.0
1816,145.0
1817,133.0
1818,143.0
1819,137.0
1820,142.0
1821,141.0
1822,135.0
1823,128.0
1824,123.0
1825,132.0
1826,126.0
1827,130.0
1828,132.0
1829,124.0
1830,130.0
1831,119.0
1832,126.0
1833,124.0
1834,123.0
1835,123.0
1836,119.0
1837,122.0
1838,124.0
1839,120.0
1840,126.0
1841,115.0
1842,126.0
1843,129.0
1844,128.0
1845,126.0
1846,127.0
1847,120.0
1848,119.0
1849,122.0
1850,122.0
1851,128.0
1852,126.0
1853,121.0
1854,122.0
1855,132.0
1856,134.0
1857,124.0
1858,130.0
1859,130.0
1860,124.0
1861,135.0
1862,126.0
1863,132.0
1864,127.0
1865,127.0
1866,130.0
1867,127.0
1868,143.0
1869,138.0
1870,135.0
1871,131.0
1872,132.0
1873,135.0
1874,135.0
1875,139.0
1876,140.0
1877,135.0
1878,134.0
1879,134.0
1880,138.0
1881,137.0
1882,138.0
1883,136.0
1884,134.0
1885,143.0
1886,143.0
1887,144.0
1888,137.0
1889,138.0
1890,142.0
1891,139.0
1892,138.0
1893,144.0
1894,143.0
1895,135.0
1896,144.0
1897,143.0
1898,147.0
1899,161.0
1900,140.0
1901,144.0
1902,156.0
1903,159.0
1904,158.0
1905,157.0
1906,154.0
1907,145.0
1908,137.0
1909,157.0
1910,162.0
1911,160.0
1912,148.0
1913,151.0
1914,156.0
1915,155.0
1916,158.0
1917,158.0
1918,157.0
1919,145.0
1920,148.0
1921,142.0
1922,144.0
1923,144.0
1924,146.0
1925,145.0
1926,144.0
1927,141.0
1928,142.0
1929,139.0
1930,142.0
1931,136.0
1932,137.0
1933,141.0
1934,140.0
1935,134.0
1936,130.0
1937,132.0
1938,142.0
1939,137.0
1940,131.0
1941,136.0
1942,131.0
1943,131.0
1944,137.0
1945,129.0
1946,136.0
1947,134.0
1948,132.0
1949,132.0
1950,129.0
1951,124.0
1952,135.0
1953,132.0
1954,131.0
1955,127.0
1956,120.0
1957,116.0
1958,124.0
1959,126.0
1960,120.0
1961,118.0
1962,113.0
1963,114.0
1964,115.0
1965,106.0
1966,104.0
1967,102.0
1968,102.0
1969,99.0
1970,103.0
1971,102.0
1972,98.0
1973,101.0
1974,94.0
1975,93.0
1976,97.0
1977,95.0
1978,94.0
1979,94.0
1980,93.0
1981,91.0
1982,94.0
1983,92.0
1984,88.0
1985,88.0
1986,91.0
1987,87.0
1988,90.0
1989,88.0
1990,85.0
1991,82.0
1992,78.0
1993,87.0
1994,81.0
1995,85.0
1996,83.0
1997,81.0
1998,78.0
1999,78.0
2000,79.0
2001,75.0
2002,72.0
2003,68.0
2004,67.0
2005,65.0
2006,66.0
2007,63.0
2008,59.0
2009,58.0
2010,54.0
2011,54.0
2012,54.0
2013,51.0
2014,47.0
2015,46.0
2016,46.0
2017,44.0
2018,46.0
2019,44.0
2020,40.0
2021,36.0
2022,36.0
2023,36.0
2024,34.0
2025,32.0
2026,29.0
2027,29.0
2028,28.0
2029,26.0
2030,27.0
2031,26.0
2032,25.0
2033,24.0
2034,23.0
2035,24.0
2036,25.0
2037,24.0
2038,23.0
2039,22.0
2040,23.0
2041,20.0
2042,22.0
2043,21.0
2044,20.0
2045,16.0
2046,16.0
2047,16.0
2048,16.0
2049,15.0
2050,15.0
2051,16.0
2052,14.0
2053,14.0
2054,14.0
2055,13.0
2056,14.0
2057,13.0
2058,12.0
2059,13.0
2060,13.0
2061,13.0
2062,12.0
2063,10.0
2064,11.0
2065,11.0
2066,12.0
2067,13.0
2068,12.0
2069,12.0
2070,13.0
2071,16.0
2072,15.0
2073,17.0
2074,16.0
2075,17.0
2076,15.0
2077,18.0
2078,18.0
2079,20.0
2080,21.0
2081,22.0
2082,26.0
2083,28.0
2084,32.0
2085,32.0
2086,31.0
2087,29.0
2088,30.0
2089,33.0
2090,37.0
2091,43.0
2092,49.0
2093,48.0
2094,50.0
2095,54.0
2096,60.0
2097,62.0
2098,60.0
2099,58.0
2100,56.0
2101,57.0
2102,64.0
2103,69.0
2104,75.0
2105,78.0
2106,77.0
2107,81.0
2108,89.0
2109,91.0
2110,89.0
2111,88.0
2112,86.0
2113,87.0
2114,87.0
2115,91.0
2116,95.0
2117,94.0
2118,97.0
2119,105.0
2120,109.0
2121,112.0
2122,109.0
2123,105.0
2124,98.0
2125,100.0
2126,99.0
2127,102.0
2128,106.0
2129,110.0
2130,111.0
2131,116.0
2132,114.0
2133,126.0
2134,120.0
2135,118.0
2136,116.0
2137,111.0
2138,117.0
2139,122.0
2140,118.0
2141,124.0
2142,127.0
2143,126.0
2144,127.0
2145,132.0
2146,135.0
2147,125.0
2148,124.0
2149,128.0
2150,128.0
2151,126.0
2152,133.0
2153,133.0
2154,133.0
2155,129.0
2156,134.0
2157,138.0
2158,135.0
2159,138.0
2160,136.0
2161,137.0
2162,134.0
2163,134.0
2164,140.0
2165,136.0
2166,138.0
2167,138.0
2168,139.0
2169,138.0
2170,139.0
2171,128.0
2172,138.0
2173,134.0
2174,136.0
2175,132.0
2176,139.0
2177,139.0
2178,131.0
2179,134.0
2180,140.0
2181,138.0
2182,129.0
2183,133.0
2184,134.0
2185,131.0
2186,130.0
2187,134.0
2188,133.0
2189,130.0
2190,134.0
2191,134.0
2192,128.0
2193,136.0
2194,135.0
2195,137.0
2196,139.0
2197,142.0
2198,139.0
2199,140.0
2200,140.0
2201,140.0
2202,136.0
2203,139.0
2204,138.0
2205,143.0
2206,141.0
2207,135.0
2208,134.0
2209,136.0
2210,132.0
2211,131.0
2212,138.0
2213,132.0
2214,135.0
2215,134.0
2216,143.0
2217,133.0
2218,138.0
2219,132.0
2220,132.0
2221,132.0
2222,129.0
2223,128.0
2224,130.0
2225,134.0
2226,132.0
2227,132.0
2228,129.0
2229,128.0
2230,129.0
2231,129.0
2232,122.0
2233,126.0
2234,128.0
2235,130.0
2236,129.0
2237,124.0
2238,120.0
2239,121.0
2240,117.0
2241,113.0
2242,108.0
2243,108.0
2244,105.0
2245,106.0
2246,104.0
2247,108.0
2248,103.0
2249,100.0
2250,101.0
2251,98.0
2252,96.0
2253,96.0
2254,93.0
2255,88.0
2256,88.0
2257,92.0
2258,94.0
2259,90.0
2260,88.0
2261,88.0
2262,85.0
2263,83.0
2264,87.0
2265,81.0
2266,82.0
2267,83.0
2268,84.0
2269,88.0
2270,88.0
2271,95.0
2272,92.0
2273,85.0
2274,84.0
2275,87.0
2276,86.0
2277,82.0
2278,81.0
2279,82.0
2280,80.0
2281,78.0
2282,80.0
2283,85.0
2284,78.0
2285,80.0
2286,76.0
2287,76.0
2288,76.0
2289,77.0
2290,73.0
2291,68.0
2292,66.0
2293,65.0
2294,66.0
2295,64.0
2296,64.0
2297,62.0
2298,59.0
2299,55.0
2300,54.0
2301,52.0
2302,49.0
2303,46.0
2304,44.0
2305,44.0
2306,46.0
2307,42.0
2308,44.0
2309,40.0
2310,40.0
2311,33.0
2312,36.0
2313,34.0
2314,34.0
2315,29.0
2316,29.0
2317,30.0
2318,28.0
2319,27.0
2320,26.0
2321,23.0
2322,27.0
2323,24.0
2324,25.0
2325,26.0
2326,27.0
2327,24.0
2328,25.0
2329,26.0
2330,25.0
2331,23.0
2332,22.0
2333,21.0
2334,18.0
2335,16.0
2336,18.0
2337,16.0
2338,14.0
2339,15.0
2340,15.0
2341,15.0
2342,14.0
2343,14.0
2344,13.0
2345,13.0
2346,12.0
2347,14.0
2348,13.0
2349,12.0
2350,12.0
2351,12.0
2352,11.0
2353,11.0
2354,10.0
2355,13.0
2356,10.0
2357,11.0
2358,11.0
2359,12.0
2360,12.0
2361,12.0
2362,12.0
2363,10.0
2364,11.0
2365,12.0
2366,13.0
2367,14.0
2368,12.0
2369,12.0
2370,15.0
2371,17.0
2372,19.0
2373,18.0
2374,18.0
2375,17.0
2376,17.0
2377,19.0
2378,21.0
2379,24.0
2380,25.0
2381,28.0
2382,30.0
2383,29.0
2384,30.0
2385,34.0
2386,32.0
2387,32.0
2388,30.0
2389,33.0
2390,36.0
2391,38.0
2392,40.0
2393,42.0
2394,43.0
2395,45.0
2396,47.0
2397,49.0
2398,50.0
2399,52.0
2400,48.0
2401,47.0
2402,50.0
2403,53.0
2404,54.0
2405,55.0
2406,59.0
2407,64.0
2408,67.0
2409,70.0
2410,71.0
2411,72.0
2412,67.0
2413,70.0
2414,72.0
2415,72.0
2416,78.0
2417,78.0
2418,83.0
2419,83.0
2420,91.0
2421,96.0
2422,98.0
2423,92.0
2424,91.0
2425,94.0
2426,92.0
2427,96.0
2428,98.0
2429,102.0
2430,106.0
2431,107.0
2432,106.0
2433,113.0
2434,114.0
2435,112.0
2436,110.0
2437,110.0
2438,110.0
2439,111.0
2440,113.0
2441,114.0
2442,111.0
2443,118.0
2444,114.0
2445,117.0
2446,117.0
2447,121.0
2448,120.0
2449,119.0
2450,126.0
2451,126.0
2452,130.0
2453,131.0
2454,132.0
2455,133.0
2456,134.0
2457,136.0
2458,135.0
2459,134.0
2460,130.0
2461,132.0
2462,134.0
2463,133.0
2464,130.0
2465,132.0
2466,132.0
2467,130.0
2468,127.0
2469,130.0
2470,131.0
2471,129.0
2472,131.0
2473,131.0
2474,130.0
2475,130.0
2476,132.0
2477,131.0
2478,131.0
2479,134.0
2480,128.0
2481,131.0
2482,134.0
2483,129.0
2484,121.0
2485,126.0
2486,125.0
2487,127.0
2488,131.0
2489,127.0
2490,127.0
2491,128.0
2492,134.0
2493,131.0
2494,128.0
2495,128.0
2496,124.0
2497,127.0
2498,126.0
2499,124.0
2500,120.0
2501,123.0
2502,119.0
2503,122.0
2504,128.0
2505,125.0
2506,124.0
2507,119.0
2508,119.0
2509,118.0
2510,122.0
2511,123.0
2512,117.0
2513,120.0
2514,119.0
2515,118.0
2516,117.0
2517,111.0
2518,117.0
2519,110.0
2520,110.0
2521,111.0
2522,115.0
2523,114.0
2524,114.0
2525,110.0
2526,106.0
2527,104.0
2528,101.0
2529,97.0
2530,95.0
2531,93.0
2532,90.0
2533,92.0
2534,90.0
2535,92.0
2536,90.0
2537,89.0
2538,86.0
2539,84.0
2540,87.0
2541,87.0
2542,83.0
2543,82.0
2544,84.0
2545,82.0
2546,83.0
2547,82.0
2548,86.0
2549,87.0
2550,84.0
2551,82.0
2552,80.0
2553,81.0
2554,83.0
2555,79.0
2556,82.0
2557,77.0
2558,81.0
2559,76.0
2560,75.0
2561,74.0
2562,68.0
2563,70.0
2564,66.0
2565,64.0
2566,63.0
2567,61.0
2568,60.0
2569,58.0
2570,62.0
2571,62.0
2572,57.0
2573,56.0
2574,50.0
2575,51.0
2576,48.0
2577,46.0
2578,42.0
2579,41.0
2580,38.0
2581,38.0
2582,40.0
2583,38.0
2584,36.0
2585,34.0
2586,31.0
2587,33.0
2588,30.0
2589,31.0
2590,28.0
2591,25.0
2592,24.0
2593,22.0
2594,22.0
2595,22.0
2596,21.0
2597,19.0
2598,19.0
2599,19.0
2600,19.0
2601,18.0
2602,15.0
2603,14.0
2604,14.0
2605,14.0
2606,14.0
2607,14.0
2608,12.0
2609,12.0
2610,10.0
2611,11.0
2612,11.0
2613,11.0
2614,11.0
2615,10.0
2616,10.0
2617,9.0
2618,10.0
2619,10.0
2620,8.0
2621,9.0
2622,9.0
2623,9.0
2624,10.0
2625,10.0
2626,8.0
2627,9.0
2628,8.0
2629,8.0
2630,10.0
2631,10.0
2632,11.0
2633,11.0
2634,11.0
2635,13.0
2636,15.0
2637,14.0
2638,13.0
2639,12.0
2640,12.0
2641,14.0
2642,14.0
2643,16.0
2644,18.0
2645,19.0
2646,22.0
2647,25.0
2648,28.0
2649,29.0
2650,30.0
2651,28.0
2652,28.0
2653,30.0
2654,34.0
2655,40.0
2656,44.0
2657,48.0
2658,55.0
2659,68.0
2660,73.0
2661,83.0
2662,80.0
2663,80.0
2664,79.0
2665,84.0
2666,97.0
2667,107.0
2668,114.0
2669,113.0
2670,127.0
2671,122.0
2672,128.0
2673,121.0
2674,120.0
2675,120.0
2676,128.0
2677,128.0
2678,132.0
2679,140.0
2680,138.0
2681,128.0
2682,137.0
2683,132.0
2684,134.0
2685,127.0
2686,132.0
2687,127.0
2688,118.0
2689,130.0
2690,130.0
2691,125.0
2692,125.0
2693,114.0
2694,126.0
2695,117.0
2696,126.0
2697,118.0
2698,129.0
2699,114.0
2700,111.0
2701,104.0
2702,104.0
2703,108.0
2704,115.0
2705,123.0
2706,121.0
2707,113.0
2708,121.0
2709,117.0
2710,119.0
2711,116.0
2712,116.0
2713,120.0
2714,122.0
2715,118.0
2716,124.0
2717,116.0
2718,119.0
2719,118.0
2720,119.0
2721,124.0
2722,117.0
2723,116.0
2724,117.0
2725,123.0
2726,124.0
2727,120.0
2728,126.0
2729,123.0
2730,122.0
2731,122.0
2732,123.0
2733,128.0
2734,130.0
2735,126.0
2736,123.0
2737,125.0
2738,136.0
2739,128.0
2740,125.0
2741,130.0
2742,116.0
2743,126.0
2744,122.0
2745,121.0
2746,134.0
2747,126.0
2748,124.0
2749,131.0
2750,122.0
2751,132.0
2752,127.0
2753,127.0
2754,132.0
2755,135.0
2756,129.0
2757,138.0
2758,132.0
2759,134.0
2760,127.0
2761,129.0
2762,134.0
2763,129.0
2764,133.0
2765,132.0
2766,138.0
2767,144.0
2768,149.0
2769,139.0
2770,141.0
2771,132.0
2772,132.0
2773,135.0
2774,144.0
2775,142.0
2776,140.0
2777,137.0
2778,134.0
2779,134.0
2780,145.0
2781,141.0
2782,146.0
2783,147.0
2784,137.0
2785,146.0
2786,137.0
2787,144.0
2788,128.0
2789,131.0
2790,141.0
2791,138.0
2792,141.0
2793,136.0
2794,142.0
2795,138.0
2796,126.0
2797,139.0
2798,139.0
2799,130.0
2800,126.0
2801,126.0
2802,127.0
2803,130.0
2804,128.0
2805,122.0
2806,128.0
2807,120.0
2808,114.0
2809,114.0
2810,120.0
2811,117.0
2812,114.0
2813,114.0
2814,116.0
2815,105.0
2816,111.0
2817,118.0
2818,108.0
2819,111.0
2820,105.0
2821,102.0
2822,102.0
2823,97.0
2824,96.0
2825,95.0
2826,97.0
2827,93.0
2828,93.0
2829,90.0
2830,85.0
2831,85.0
2832,85.0
2833,86.0
2834,86.0
2835,90.0
2836,86.0
2837,82.0
2838,80.0
2839,81.0
2840,76.0
2841,81.0
2842,80.0
2843,75.0
2844,78.0
2845,83.0
2846,85.0
2847,78.0
2848,76.0
2849,76.0
2850,75.0
2851,72.0
2852,71.0
2853,71.0
2854,65.0
2855,58.0
2856,57.0
2857,61.0
2858,60.0
2859,61.0
2860,56.0
2861,52.0
2862,52.0
2863,48.0
2864,49.0
2865,49.0
2866,45.0
2867,38.0
2868,37.0
2869,38.0
2870,38.0
2871,37.0
2872,36.0
2873,34.0
2874,33.0
2875,34.0
2876,32.0
2877,30.0
2878,28.0
2879,26.0
2880,26.0
2881,27.0
2882,28.0
2883,25.0
2884,23.0
2885,19.0
2886,18.0
2887,18.0
2888,20.0
2889,18.0
2890,16.0
2891,14.0
2892,12.0
2893,14.0
2894,14.0
2895,14.0
2896,12.0
2897,12.0
2898,10.0
2899,12.0
2900,12.0
2901,12.0
2902,10.0
2903,10.0
2904,10.0
2905,11.0
2906,10.0
2907,10.0
2908,9.0
2909,8.0
2910,9.0
2911,9.0
2912,11.0
2913,10.0
2914,10.0
2915,9.0
2916,9.0
2917,9.0
2918,10.0
2919,11.0
2920,10.0
2921,10.0
2922,12.0
2923,12.0
2924,14.0
2925,14.0
2926,13.0
2927,14.0
2928,12.0
2929,13.0
2930,16.0
2931,16.0
2932,16.0
2933,18.0
2934,21.0
2935,25.0
2936,26.0
2937,30.0
2938,27.0
2939,29.0
2940,30.0
2941,30.0
2942,34.0
2943,40.0
2944,44.0
2945,50.0
2946,59.0
2947,66.0
2948,77.0
2949,80.0
2950,84.0
2951,79.0
2952,88.0
2953,91.0
2954,108.0
2955,118.0
2956,118.0
2957,122.0
2958,124.0
2959,123.0
2960,132.0
2961,135.0
2962,130.0
2963,130.0
2964,136.0
2965,128.0
2966,136.0
2967,137.0
2968,132.0
2969,131.0
2970,138.0
2971,137.0
2972,131.0
2973,129.0
2974,124.0
2975,116.0
2976,114.0
2977,118.0
2978,122.0
2979,119.0
2980,123.0
2981,126.0
2982,117.0
2983,127.0
2984,119.0
2985,122.0
2986,128.0
2987,122.0
2988,121.0
2989,120.0
2990,118.0
2991,120.0
2992,119.0
2993,120.0
2994,125.0
2995,120.0
2996,115.0
2997,114.0
2998,118.0
2999,117.0
3000,119.0
3001,108.0
3002,121.0
3003,119.0
3004,117.0
3005,124.0
3006,122.0
3007,119.0
3008,125.0
3009,118.0
3010,124.0
3011,116.0
3012,116.0
3013,127.0
3014,125.0
3015,124.0
3016,125.0
3017,126.0
3018,124.0
3019,122.0
3020,130.0
3021,120.0
3022,122.0
3023,122.0
3024,125.0
3025,124.0
3026,126.0
3027,124.0
3028,130.0
3029,127.0
3030,124.0
3031,131.0
3032,134.0
3033,135.0
3034,128.0
3035,128.0
3036,130.0
3037,129.0
3038,127.0
3039,128.0
3040,129.0
3041,126.0
3042,133.0
3043,132.0
3044,124.0
3045,134.0
3046,135.0
3047,132.0
3048,128.0
3049,128.0
3050,132.0
3051,133.0
3052,137.0
3053,126.0
3054,130.0
3055,136.0
3056,140.0
3057,138.0
3058,137.0
3059,136.0
3060,132.0
3061,137.0
3062,147.0
3063,148.0
3064,140.0
3065,134.0
3066,140.0
3067,146.0
3068,144.0
3069,144.0
3070,139.0
3071,136.0
3072,138.0
3073,138.0
3074,142.0
3075,134.0
3076,140.0
3077,140.0
3078,139.0
3079,138.0
3080,138.0
3081,134.0
3082,121.0
3083,129.0
3084,133.0
3085,123.0
3086,123.0
3087,123.0
3088,123.0
3089,123.0
3090,116.0
3091,118.0
3092,122.0
3093,124.0
3094,121.0
3095,120.0
3096,118.0
3097,119.0
3098,115.0
3099,118.0
3100,120.0
3101,115.0
3102,110.0
3103,116.0
3104,110.0
3105,115.0
3106,101.0
3107,108.0
3108,101.0
3109,103.0
3110,105.0
3111,90.0
3112,98.0
3113,91.0
3114,88.0
3115,90.0
3116,92.0
3117,88.0
3118,79.0
3119,80.0
3120,80.0
3121,80.0
3122,86.0
3123,81.0
3124,84.0
3125,83.0
3126,76.0
3127,75.0
3128,85.0
3129,78.0
3130,78.0
3131,79.0
3132,74.0
3133,69.0
3134,78.0
3135,76.0
3136,76.0
3137,76.0
3138,75.0
3139,74.0
3140,71.0
3141,70.0
3142,67.0
3143,63.0
3144,61.0
3145,58.0
3146,58.0
3147,60.0
3148,56.0
3149,53.0
3150,53.0
3151,56.0
3152,58.0
3153,54.0
3154,47.0
3155,42.0
3156,40.0
3157,41.0
3158,41.0
3159,35.0
3160,37.0
3161,36.0
3162,33.0
3163,32.0
3164,30.0
3165,30.0
3166,28.0
3167,25.0
3168,27.0
3169,27.0
3170,26.0
3171,24.0
3172,23.0
3173,19.0
3174,19.0
3175,18.0
3176,19.0
3177,18.0
3178,17.0
3179,14.0
3180,13.0
3181,13.0
3182,14.0
3183,14.0
3184,14.0
3185,12.0
3186,12.0
3187,12.0
3188,13.0
3189,13.0
3190,12.0
3191,11.0
3192,11.0
3193,11.0
3194,12.0
3195,10.0
3196,10.0
3197,9.0
3198,9.0
3199,10.0
3200,10.0
3201,10.0
3202,10.0
3203,10.0
3204,9.0
3205,9.0
3206,10.0
3207,10.0
3208,10.0
3209,10.0
3210,11.0
3211,12.0
3212,12.0
3213,13.0
3214,13.0
3215,11.0
3216,11.0
3217,13.0
3218,14.0
3219,15.0
3220,17.0
3221,17.0
3222,19.0
3223,24.0
3224,27.0
3225,29.0
3226,29.0
3227,28.0
3228,26.0
3229,31.0
3230,32.0
3231,39.0
3232,45.0
3233,47.0
3234,55.0
3235,62.0
3236,80.0
3237,80.0
3238,77.0
3239,80.0
3240,80.0
3241,90.0
3242,104.0
3243,110.0
3244,119.0
3245,108.0
3246,118.0
3247,125.0
3248,121.0
3249,134.0
3250,124.0
3251,133.0
3252,130.0
3253,134.0
3254,132.0
3255,142.0
3256,131.0
3257,136.0
3258,130.0
3259,131.0
3260,140.0
3261,136.0
3262,137.0
3263,123.0
3264,118.0
3265,121.0
3266,117.0
3267,121.0
3268,116.0
3269,116.0
3270,119.0
3271,124.0
3272,123.0
3273,121.0
3274,130.0
3275,123.0
3276,113.0
3277,116.0
3278,120.0
3279,119.0
3280,113.0
3281,113.0
3282,117.0
3283,126.0
3284,122.0
3285,123.0
3286,128.0
3287,118.0
3288,114.0
3289,116.0
3290,120.0
3291,115.0
3292,122.0
3293,124.0
3294,116.0
3295,123.0
3296,122.0
3297,127.0
3298,122.0
3299,121.0
3300,122.0
3301,124.0
3302,120.0
3303,129.0
3304,127.0
3305,124.0
3306,125.0
3307,126.0
3308,120.0
3309,131.0
3310,128.0
3311,124.0
3312,124.0
3313,127.0
3314,128.0
3315,123.0
3316,126.0
3317,125.0
3318,126.0
3319,121.0
3320,128.0
3321,127.0
3322,130.0
3323,128.0
3324,123.0
3325,138.0
3326,128.0
3327,140.0
3328,131.0
3329,127.0
3330,131.0
3331,127.0
3332,121.0
3333,131.0
3334,125.0
3335,118.0
3336,125.0
3337,125.0
3338,133.0
3339,140.0
3340,136.0
3341,128.0
3342,132.0
3343,142.0
3344,150.0
3345,151.0
3346,139.0
3347,136.0
3348,131.0
3349,136.0
3350,153.0
3351,152.0
3352,147.0
3353,137.0
3354,145.0
3355,153.0
3356,156.0
3357,161.0
3358,147.0
3359,142.0
3360,146.0
3361,151.0
3362,161.0
3363,153.0
3364,152.0
3365,146.0
3366,148.0
3367,156.0
3368,151.0
3369,149.0
3370,140.0
3371,144.0
3372,140.0
3373,136.0
3374,130.0
3375,127.0
3376,124.0
3377,129.0
3378,126.0
3379,129.0
3380,133.0
3381,129.0
3382,130.0
3383,126.0
3384,131.0
3385,130.0
3386,131.0
3387,123.0
3388,126.0
3389,119.0
3390,113.0
3391,114.0
3392,117.0
3393,107.0
3394,110.0
3395,114.0
3396,108.0
3397,108.0
3398,114.0
3399,114.0
3400,104.0
3401,100.0
3402,102.0
3403,96.0
3404,96.0
3405,92.0
3406,94.0
3407,89.0
3408,86.0
3409,90.0
3410,86.0
3411,90.0
3412,93.0
3413,84.0
3414,83.0
3415,82.0
3416,80.0
3417,80.0
3418,87.0
3419,85.0
3420,81.0
3421,89.0
3422,81.0
3423,86.0
3424,74.0
3425,77.0
3426,78.0
3427,75.0
3428,76.0
3429,74.0
3430,67.0
3431,66.0
3432,64.0
3433,64.0
3434,70.0
3435,60.0
3436,64.0
3437,59.0
3438,57.0
3439,55.0
3440,56.0
3441,51.0
3442,48.0
3443,44.0
3444,43.0
3445,41.0
3446,45.0
3447,41.0
3448,38.0
3449,34.0
3450,33.0
3451,34.0
3452,34.0
3453,34.0
3454,31.0
3455,29.0
3456,28.0
3457,29.0
3458,27.0
3459,28.0
3460,24.0
3461,21.0
3462,20.0
3463,19.0
3464,21.0
3465,20.0
3466,17.0
3467,15.0
3468,14.0
3469,15.0
3470,16.0
3471,14.0
3472,14.0
3473,13.0
3474,12.0
3475,14.0
3476,14.0
3477,14.0
3478,12.0
3479,12.0
3480,12.0
3481,12.0
3482,12.0
3483,12.0
3484,11.0
3485,11.0
3486,9.0
3487,10.0
3488,10.0
3489,10.0
3490,11.0
3491,10.0
3492,10.0
3493,10.0
3494,10.0
3495,10.0
3496,10.0
3497,10.0
3498,11.0
3499,13.0
3500,14.0
3501,14.0
3502,14.0
3503,13.0
3504,12.0
3505,12.0
3506,15.0
3507,18.0
3508,18.0
3509,18.0
3510,21.0
3511,25.0
3512,28.0
3513,30.0
3514,28.0
3515,28.0
3516,29.0
3517,30.0
3518,35.0
3519,40.0
3520,46.0
3521,48.0
3522,62.0
3523,70.0
3524,78.0
3525,85.0
3526,85.0
3527,80.0
3528,86.0
3529,96.0
3530,106.0
3531,116.0
3532,122.0
3533,127.0
3534,124.0
3535,126.0
3536,133.0
3537,127.0
3538,134.0
3539,135.0
3540,136.0
3541,146.0
3542,138.0
3543,146.0
3544,143.0
3545,149.0
3546,137.0
3547,135.0
3548,140.0
3549,133.0
3550,129.0
3551,128.0
3552,122.0
3553,120.0
3554,124.0
3555,128.0
3556,120.0
3557,118.0
3558,125.0
3559,125.0
3560,130.0
3561,120.0
3562,125.0
3563,126.0
3564,117.0
3565,117.0
3566,112.0
3567,116.0
3568,118.0
3569,118.0
3570,125.0
3571,116.0
3572,114.0
3573,118.0
3574,120.0
3575,122.0
3576,119.0
3577,119.0
3578,123.0
3579,122.0
3580,120.0
3581,124.0
3582,124.0
3583,124.0
3584,130.0
3585,125.0
3586,128.0
3587,124.0
3588,118.0
3589,122.0
3590,121.0
3591,131.0
3592,131.0
3593,124.0
3594,124.0
3595,124.0
3596,130.0
3597,130.0
3598,126.0
3599,115.0
3600,123.0
3601,126.0
3602,125.0
3603,126.0
3604,135.0
3605,127.0
3606,124.0
3607,128.0
3608,130.0
3609,129.0
3610,133.0
3611,129.0
3612,126.0
3613,122.0
3614,131.0
3615,121.0
3616,122.0
3617,124.0
3618,123.0
3619,126.0
3620,135.0
3621,129.0
3622,131.0
3623,130.0
3624,129.0
3625,129.0
3626,140.0
3627,133.0
3628,134.0
3629,135.0
3630,139.0
3631,142.0
3632,150.0
3633,148.0
3634,144.0
3635,138.0
3636,142.0
3637,150.0
3638,172.0
3639,169.0
3640,163.0
3641,165.0
3642,162.0
3643,176.0
3644,167.0
3645,161.0
3646,160.0
3647,148.0
3648,148.0
3649,153.0
3650,141.0
3651,142.0
3652,140.0
3653,142.0
3654,143.0
3655,149.0
3656,137.0
3657,129.0
3658,128.0
3659,124.0
3660,133.0
3661,130.0
3662,131.0
3663,122.0
3664,126.0
3665,126.0
3666,133.0
3667,130.0
3668,136.0
3669,134.0
3670,132.0
3671,130.0
3672,127.0
3673,134.0
3674,136.0
3675,128.0
3676,128.0
3677,126.0
3678,126.0
3679,121.0
3680,119.0
3681,115.0
3682,109.0
3683,116.0
3684,106.0
3685,114.0
3686,114.0
3687,103.0
3688,108.0
3689,98.0
3690,97.0
3691,97.0
3692,99.0
3693,93.0
3694,94.0
3695,93.0
3696,83.0
3697,90.0
3698,88.0
3699,92.0
3700,95.0
3701,96.0
3702,88.0
3703,88.0
3704,86.0
3705,86.0
3706,80.0
3707,80.0
3708,80.0
3709,82.0
3710,82.0
3711,80.0
3712,79.0
3713,80.0
3714,74.0
3715,74.0
3716,78.0
3717,74.0
3718,69.0
3719,71.0
3720,63.0
3721,65.0
3722,70.0
3723,65.0
3724,62.0
3725,62.0
3726,59.0
3727,59.0
3728,59.0
3729,53.0
3730,52.0
3731,48.0
3732,45.0
3733,46.0
3734,48.0
3735,42.0
3736,39.0
3737,40.0
3738,36.0
3739,37.0
3740,36.0
3741,36.0
3742,32.0
3743,30.0
3744,30.0
3745,31.0
3746,30.0
3747,28.0
3748,27.0
3749,24.0
3750,22.0
3751,21.0
3752,22.0
3753,21.0
3754,18.0
3755,17.0
3756,16.0
3757,15.0
3758,16.0
3759,16.0
3760,15.0
3761,14.0
3762,15.0
3763,14.0
3764,15.0
3765,15.0
3766,14.0
3767,13.0
3768,14.0
3769,14.0
3770,14.0
3771,12.0
3772,12.0
3773,11.0
3774,11.0
3775,11.0
3776,10.0
3777,12.0
3778,11.0
3779,11.0
3780,11.0
3781,10.0
3782,11.0
3783,10.0
3784,12.0
3785,11.0
3786,12.0
3787,14.0
3788,15.0
3789,14.0
3790,14.0
3791,13.0
3792,12.0
3793,12.0
3794,14.0
3795,16.0
3796,16.0
3797,17.0
3798,20.0
3799,25.0
3800,27.0
3801,30.0
3802,27.0
3803,27.0
3804,28.0
3805,29.0
3806,34.0
3807,37.0
3808,39.0
3809,44.0
3810,53.0
3811,62.0
3812,73.0
3813,78.0
3814,80.0
3815,76.0
3816,77.0
3817,88.0
3818,99.0
3819,112.0
3820,114.0
3821,119.0
3822,126.0
3823,136.0
3824,136.0
3825,143.0
3826,129.0
3827,128.0
3828,134.0
3829,136.0
3830,128.0
3831,143.0
3832,145.0
3833,133.0
3834,143.0
3835,137.0
3836,142.0
3837,141.0
3838,135.0
3839,128.0
3840,123.0
3841,132.0
3842,126.0
3843,130.0
3844,132.0
3845,124.0
3846,130.0
3847,119.0
3848,126.0
3849,124.0
3850,123.0
3851,123.0
3852,119.0
3853,122.0
3854,124.0
3855,120.0
3856,126.0
3857,115.0
3858,126.0
3859,129.0
3860,128.0
3861,126.0
3862,127.0
3863,120.0
3864,119.0
3865,122.0
3866,122.0
3867,128.0
3868,126.0
3869,121.0
3870,122.0
3871,132.0
3872,134.0
3873,124.0
3874,130.0
3875,130.0
3876,124.0
3877,135.0
3878,126.0
3879,132.0
3880,127.0
3881,127.0
3882,130.0
3883,127.0
3884,143.0
3885,138.0
3886,135.0
3887,131.0
3888,132.0
3889,135.0
3890,135.0
3891,139.0
3892,140.0
3893,135.0
3894,134.0
3895,134.0
3896,138.0
3897,137.0
3898,138.0
3899,136.0
3900,134.0
3901,143.0
3902,143.0
3903,144.0
3904,137.0
3905,138.0
3906,142.0
3907,139.0
3908,138.0
3909,144.0
3910,143.0
3911,135.0
3912,144.0
3913,143.0
3914,147.0
3915,161.0
3916,140.0
3917,144.0
3918,156.0
3919,159.0
3920,158.0
3921,157.0
3922,154.0
3923,145.0
3924,137.0
3925,157.0
3926,162.0
3927,160.0
3928,148.0
3929,151.0
3930,156.0
3931,155.0
3932,158.0
3933,158.0
3934,157.0
3935,145.0
3936,148.0
3937,142.0
3938,144.0
3939,144.0
3940,146.0
3941,145.0
3942,144.0
3943,141.0
3944,142.0
3945,139.0
3946,142.0
3947,136.0
3948,137.0
3949,141.0
3950,140.0
3951,134.0
3952,130.0
3953,132.0
3954,142.0
3955,137.0
3956,131.0
3957,136.0
3958,131.0
3959,131.0
3960,137.0
3961,129.0
3962,136.0
3963,134.0
3964,132.0
3965,132.0
3966,129.0
3967,124.0
3968,135.0
3969,132.0
3970,131.0
3971,127.0
3972,120.0
3973,116.0
3974,124.0
3975,126.0
3976,120.0
3977,118.0
3978,113.0
3979,114.0
3980,115.0
3981,106.0
3982,104.0
3983,102.0
3984,102.0
3985,99.0
3986,103.0
3987,102.0
3988,98.0
3989,101.0
3990,94.0
3991,93.0
3992,97.0
3993,95.0
3994,94.0
3995,94.0
3996,93.0
3997,91.0
3998,94.0
3999,92.0
4000,88.0
4001,88.0
4002,91.0
4003,87.0
4004,90.0
4005,88.0
4006,85.0
4007,82.0
4008,78.0
4009,87.0
4010,81.0
4011,85.0
4012,83.0
4013,81.0
4014,78.0
4015,78.0
4016,79.0
4017,75.0
4018,72.0
4019,68.0
4020,67.0
4021,65.0
4022,66.0
4023,63.0
4024,59.0
4025,58.0
4026,54.0
4027,54.0
4028,54.0
4029,51.0
4030,47.0
4031,46.0
4032,46.0
4033,44.0
4034,46.0
4035,44.0
4036,40.0
4037,36.0
4038,36.0
4039,36.0
4040,34.0
4041,32.0
4042,29.0
4043,29.0
4044,28.0
4045,26.0
4046,27.0
4047,26.0
4048,25.0
4049,24.0
4050,23.0
4051,24.0
4052,25.0
4053,24.0
4054,23.0
4055,22.0
4056,23.0
4057,20.0
4058,22.0
4059,21.0
4060,20.0
4061,16.0
4062,16.0
4063,16.0
4064,16.0
4065,15.0
4066,15.0
4067,16.0
4068,14.0
4069,14.0
4070,14.0
4071,13.0
4072,14.0
4073,13.0
4074,12.0
4075,13.0
4076,13.0
4077,13.0
4078,12.0
4079,10.0
4080,11.0
4081,11.0
4082,12.0
4083,13.0
4084,12.0
4085,12.0
4086,13.0
4087,16.0
4088,15.0
4089,17.0
4090,16.0
4091,17.0
4092,15.0
4093,18.0
4094,18.0
4095,20.0
4096,21.0
4097,22.0
4098,26.0
4099,28.0
4100,32.0
4101,32.0
4102,31.0
4103,29.0
4104,30.0
4105,33.0
4106,37.0
4107,43.0
4108,49.0
4109,48.0
4110,50.0
4111,54.0
4112,60.0
4113,62.0
4114,60.0
4115,58.0
4116,56.0
4117,57.0
4118,64.0
4119,69.0
4120,75.0
4121,78.0
4122,77.0
4123,81.0
4124,89.0
4125,91.0
4126,89.0
4127,88.0
4128,86.0
4129,87.0
4130,87.0
4131,91.0
4132,95.0
4133,94.0
4134,97.0
4135,105.0
4136,109.0
4137,112.0
4138,109.0
4139,105.0
4140,98.0
4141,100.0
4142,99.0
4143,102.0
4144,106.0
4145,110.0
4146,111.0
4147,116.0
4148,114.0
4149,126.0
4150,120.0
4151,118.0
4152,116.0
4153,111.0
4154,117.0
4155,122.0
4156,118.0
4157,124.0
4158,127.0
4159,126.0
4160,127.0
4161,132.0
4162,135.0
4163,125.0
4164,124.0
4165,128.0
4166,128.0
4167,126.0
4168,133.0
4169,133.0
4170,133.0
4171,129.0
4172,134.0
4173,138.0
4174,135.0
4175,138.0
4176,136.0
4177,137.0
4178,134.0
4179,134.0
4180,140.0
4181,136.0
4182,138.0
4183,138.0
4184,139.0
4185,138.0
4186,139.0
4187,128.0
4188,138.0
4189,134.0
4190,136.0
4191,132.0
4192,139.0
4193,139.0
4194,131.0
4195,134.0
4196,140.0
4197,138.0
4198,129.0
4199,133.0
4200,134.0
4201,131.0
4202,130.0
4203,134.0
4204,133.0
4205,130.0
4206,134.0
4207,134.0
4208,128.0
4209,136.0
4210,135.0
4211,137.0
4212,139.0
4213,142.0
4214,139.0
4215,140.0
4216,140.0
4217,140.0
4218,136.0
4219,139.0
4220,138.0
4221,143.0
4222,141.0
4223,135.0
4224,134.0
4225,136.0
4226,132.0
4227,131.0
4228,138.0
4229,132.0
4230,135.0
4231,134.0
4232,143.0
4233,133.0
4234,138.0
4235,132.0
4236,132.0
4237,132.0
4238,129.0
4239,128.0
4240,130.0
4241,134.0
4242,132.0
4243,132.0
4244,129.0
4245,128.0
4246,129.0
4247,129.0
4248,122.0
4249,126.0
4250,128.0
4251,130.0
4252,129.0
4253,124.0
4254,120.0
4255,121.0
4256,117.0
4257,113.0
4258,108.0
4259,108.0
4260,105.0
4261,106.0
4262,104.0
4263,108.0
4264,103.0
4265,100.0
4266,101.0
4267,98.0
4268,96.0
4269,96.0
4270,93.0
4271,88.0
4272,88.0
4273,92.0
4274,94.0
4275,90.0
4276,88.0
4277,88.0
4278,85.0
4279,83.0
4280,87.0
4281,81.0
4282,82.0
4283,83.0
4284,84.0
4285,88.0
4286,88.0
4287,95.0
4288,92.0
4289,85.0
4290,84.0
4291,87.0
4292,86.0
4293,82.0
4294,81.0
4295,82.0
4296,80.0
4297,78.0
4298,80.0
4299,85.0
4300,78.0
4301,80.0
4302,76.0
4303,76.0
4304,76.0
4305,77.0
4306,73.0
4307,68.0
4308,66.0
4309,65.0
4310,66.0
4311,64.0
4312,64.0
4313,62.0
4314,59.0
4315,55.0
4316,54.0
4317,52.0
4318,49.0
4319,46.0
4320,44.0
4321,44.0
4322,46.0
4323,42.0
4324,44.0
4325,40.0
4326,40.0
4327,33.0
4328,36.0
4329,34.0
4330,34.0
4331,29.0
4332,29.0
4333,30.0
4334,28.0
4335,27.0
4336,26.0
4337,23.0
4338,27.0
4339,24.0
4340,25.0
4341,26.0
4342,27.0
4343,24.0
4344,25.0
4345,26.0
4346,25.0
4347,23.0
4348,22.0
4349,21.0
4350,18.0
4351,16.0
4352,18.0
4353,16.0
4354,14.0
4355,15.0
4356,15.0
4357,15.0
4358,14.0
4359,14.0
4360,13.0
4361,13.0
4362,12.0
4363,14.0
4364,13.0
4365,12.0
4366,12.0
4367,12.0
4368,11.0
4369,11.0
4370,10.0
4371,13.0
4372,10.0
4373,11.0
4374,11.0
4375,12.0
4376,12.0
4377,12.0
4378,12.0
4379,10.0
4380,11.0
4381,12.0
4382,13.0
4383,14.0
4384,12.0
4385,12.0
4386,15.0
4387,17.0
4388,19.0
4389,18.0
4390,18.0
4391,17.0
4392,17.0
4393,19.0
4394,21.0
4395,24.0
4396,25.0
4397,28.0
4398,30.0
4399,29.0
4400,30.0
4401,34.0
4402,32.0
4403,32.0
4404,30.0
4405,33.0
4406,36.0
4407,38.0
4408,40.0
4409,42.0
4410,43.0
4411,45.0
4412,47.0
4413,49.0
4414,50.0
4415,52.0
4416,48.0
4417,47.0
4418,50.0
4419,53.0
4420,54.0
4421,55.0
4422,59.0
4423,64.0
4424,67.0
4425,70.0
4426,71.0
4427,72.0
4428,67.0
4429,70.0
4430,72.0
4431,72.0
4432,78.0
4433,78.0
4434,83.0
4435,83.0
4436,91.0
4437,96.0
4438,98.0
4439,92.0
4440,91.0
4441,94.0
4442,92.0
4443,96.0
4444,98.0
4445,102.0
4446,106.0
4447,107.0
4448,106.0
4449,113.0
4450,114.0
4451,112.0
4452,110.0
4453,110.0
4454,110.0
4455,111.0
4456,113.0
4457,114.0
4458,111.0
4459,118.0
4460,114.0
4461,117.0
4462,117.0
4463,121.0
4464,120.0
4465,119.0
4466,126.0
4467,126.0
4468,130.0
4469,131.0
4470,132.0
4471,133.0
4472,134.0
4473,136.0
4474,135.0
4475,134.0
4476,130.0
4477,132.0
4478,134.0
4479,133.0
4480,130.0
4481,132.0
4482,132.0
4483,130.0
4484,127.0
4485,130.0
4486,131.0
4487,129.0
4488,131.0
4489,131.0
4490,130.0
4491,130.0
4492,132.0
4493,131.0
4494,131.0
4495,134.0
4496,128.0
4497,131.0
4498,134.0
4499,129.0
4500,121.0
4501,126.0
4502,125.0
4503,127.0
4504,131.0
4505,127.0
4506,127.0
4507,128.0
4508,134.0
4509,131.0
4510,128.0
4511,128.0
4512,124.0
4513,127.0
4514,126.0
4515,124.0
4516,120.0
4517,123.0
4518,119.0
4519,122.0
4520,128.0
4521,125.0
4522,124.0
4523,119.0
4524,119.0
4525,118.0
4526,122.0
4527,123.0
4528,117.0
4529,120.0
4530,119.0
4531,118.0
4532,117.0
4533,111.0
4534,117.0
4535,110.0
4536,110.0
4537,111.0
4538,115.0
4539,114.0
4540,114.0
4541,110.0
4542,106.0
4543,104.0
4544,101.0
4545,97.0
4546,95.0
4547,93.0
4548,90.0
4549,92.0
4550,90.0
4551,92.0
4552,90.0
4553,89.0
4554,86.0
4555,84.0
4556,87.0
4557,87.0
4558,83.0
4559,82.0
4560,84.0
4561,82.0
4562,83.0
4563,82.0
4564,86.0
4565,87.0
4566,84.0
4567,82.0
4568,80.0
4569,81.0
4570,83.0
4571,79.0
4572,82.0
4573,77.0
4574,81.0
4575,76.0
4576,75.0
4577,74.0
4578,68.0
4579,70.0
4580,66.0
4581,64.0
4582,63.0
4583,61.0
4584,60.0
4585,58.0
4586,62.0
4587,62.0
4588,57.0
4589,56.0
4590,50.0
4591,51.0
4592,48.0
4593,46.0
4594,42.0
4595,41.0
4596,38.0
4597,38.0
4598,40.0
4599,38.0
4600,36.0
4601,34.0
4602,31.0
4603,33.0
4604,30.0
4605,31.0
4606,28.0
4607,25.0
4608,24.0
4609,22.0
4610,22.0
4611,22.0
4612,21.0
4613,19.0
4614,19.0
4615,19.0
4616,19.0
4617,18.0
4618,15.0
4619,14.0
4620,14.0
4621,14.0
4622,14.0
4623,14.0
4624,12.0
4625,12.0
4626,10.0
4627,11.0
4628,11.0
4629,11.0
4630,11.0
4631,10.0
4632,10.0
4633,9.0
4634,10.0
4635,10.0
4636,8.0
4637,9.0
4638,9.0
4639,9.0
4640,10.0
4641,10.0
4642,8.0
4643,9.0
4644,8.0
4645,8.0
4646,10.0
4647,10.0
4648,11.0
4649,11.0
4650,11.0
4651,13.0
4652,15.0
4653,14.0
4654,13.0
4655,12.0
4656,12.0
4657,14.0
4658,14.0
4659,16.0
4660,18.0
4661,19.0
4662,22.0
4663,25.0
4664,28.0
4665,29.0
4666,30.0
4667,28.0
4668,28.0
4669,30.0
4670,34.0
4671,40.0
4672,44.0
4673,48.0
4674,55.0
4675,68.0
4676,73.0
4677,83.0
4678,80.0
4679,80.0
4680,79.0
4681,84.0
4682,97.0
4683,107.0
4684,114.0
4685,113.0
4686,127.0
4687,122.0
4688,128.0
4689,121.0
4690,120.0
4691,120.0
4692,128.0
4693,128.0
4694,132.0
4695,140.0
4696,138.0
4697,128.0
4698,137.0
4699,132.0
4700,134.0
4701,127.0
4702,132.0
4703,127.0
4704,118.0
4705,130.0
4706,130.0
4707,125.0
4708,125.0
4709,114.0
4710,126.0
4711,117.0
4712,126.0
4713,118.0
4714,129.0
4715,114.0
4716,111.0
4717,104.0
4718,104.0
4719,108.0
4720,115.0
4721,123.0
4722,121.0
4723,113.0
4724,121.0
4725,117.0
4726,119.0
4727,116.0
4728,116.0
4729,120.0
4730,122.0
4731,118.0
4732,124.0
4733,116.0
4734,119.0
4735,118.0
4736,119.0
4737,124.0
4738,117.0
4739,116.0
4740,117.0
4741,123.0
4742,124.0
4743,120.0
4744,126.0
4745,123.0
4746,122.0
4747,122.0
4748,123.0
4749,128.0
4750,130.0
4751,126.0
4752,123.0
4753,125.0
4754,136.0
4755,128.0
4756,125.0
4757,130.0
4758,116.0
4759,126.0
4760,122.0
4761,121.0
4762,134.0
4763,126.0
4764,124.0
4765,131.0
4766,122.0
4767,132.0
4768,127.0
4769,127.0
4770,132.0
4771,135.0
4772,129.0
4773,138.0
4774,132.0
4775,134.0
4776,127.0
4777,129.0
4778,134.0
4779,129.0
4780,133.0
4781,132.0
4782,138.0
4783,144.0
4784,149.0
4785,139.0
4786,141.0
4787,132.0
4788,132.0
4789,135.0
4790,144.0
4791,142.0
4792,140.0
4793,137.0
4794,134.0
4795,134.0
4796,145.0
4797,141.0
4798,146.0
4799,147.0
4800,137.0
4801,146.0
4802,137.0
4803,144.0
4804,128.0
4805,131.0
4806,141.0
4807,138.0
4808,141.0
4809,136.0
4810,142.0
4811,138.0
4812,126.0
4813,139.0
4814,139.0
4815,130.0
4816,126.0
4817,126.0
4818,127.0
4819,130.0
4820,128.0
4821,122.0
4822,128.0
4823,120.0
4824,114.0
4825,114.0
4826,120.0
4827,117.0
4828,114.0
4829,114.0
4830,116.0
4831,105.0
4832,111.0
4833,118.0
4834,108.0
4835,111.0
4836,105.0
4837,102.0
4838,102.0
4839,97.0
4840,96.0
4841,95.0
4842,97.0
4843,93.0
4844,93.0
4845,90.0
4846,85.0
4847,85.0
4848,85.0
4849,86.0
4850,86.0
4851,90.0
4852,86.0
4853,82.0
4854,80.0
4855,81.0
4856,76.0
4857,81.0
4858,80.0
4859,75.0
4860,78.0
4861,83.0
4862,85.0
4863,78.0
4864,76.0
4865,76.0
4866,75.0
4867,72.0
4868,71.0
4869,71.0
4870,65.0
4871,58.0
4872,57.0
4873,61.0
4874,60.0
4875,61.0
4876,56.0
4877,52.0
4878,52.0
4879,48.0
4880,49.0
4881,49.0
4882,45.0
4883,38.0
4884,37.0
4885,38.0
4886,38.0
4887,37.0
4888,36.0
4889,34.0
4890,33.0
4891,34.0
4892,32.0
4893,30.0
4894,28.0
4895,26.0
4896,26.0
4897,27.0
4898,28.0
4899,25.0
4900,23.0
4901,19.0
4902,18.0
4903,18.0
4904,20.0
4905,18.0
4906,16.0
4907,14.0
4908,12.0
4909,14.0
4910,14.0
4911,14.0
4912,12.0
4913,12.0
4914,10.0
4915,12.0
4916,12.0
4917,12.0
4918,10.0
4919,10.0
4920,10.0
4921,11.0
4922,10.0
4923,10.0
4924,9.0
4925,8.0
4926,9.0
4927,9.0
4928,11.0
4929,10.0
4930,10.0
4931,9.0
4932,9.0
4933,9.0
4934,10.0
4935,11.0
4936,10.0
4937,10.0
4938,12.0
4939,12.0
4940,14.0
4941,14.0
4942,13.0
4943,14.0
4944,12.0
4945,13.0
4946,16.0
4947,16.0
4948,16.0
4949,18.0
4950,21.0
4951,25.0
4952,26.0
4953,30.0
4954,27.0
4955,29.0
4956,30.0
4957,30.0
4958,34.0
4959,40.0
4960,44.0
4961,50.0
4962,59.0
4963,66.0
4964,77.0
4965,80.0
4966,84.0
4967,79.0
4968,88.0
4969,91.0
4970,108.0
4971,118.0
4972,118.0
4973,122.0
4974,124.0
4975,123.0
4976,132.0
4977,135.0
4978,130.0
4979,130.0
4980,136.0
4981,128.0
4982,136.0
4983,137.0
4984,132.0
4985,131.0
4986,138.0
4987,137.0
4988,131.0
4989,129.0
4990,124.0
4991,116.0
4992,114.0
4993,118.0
4994,122.0
4995,119.0
4996,123.0
4997,126.0
4998,117.0
4999,127.0
5000,119.0
5001,122.0
5002,128.0
5003,122.0
5004,121.0
5005,120.0
5006,118.0
5007,120.0
5008,119.0
5009,120.0
5010,125.0
5011,120.0
5012,115.0
5013,114.0
5014,118.0
5015,117.0
5016,119.0
5017,108.0
5018,121.0
5019,119.0
5020,117.0
5021,124.0
5022,122.0
5023,119.0
5024,125.0
5025,118.0
5026,124.0
5027,116.0
5028,116.0
5029,127.0
5030,125.0
5031,124.0
5032,125.0
5033,126.0
5034,124.0
5035,122.0
5036,130.0
5037,120.0
5038,122.0
5039,122.0
5040,125.0
5041,124.0
5042,126.0
5043,124.0
5044,130.0
5045,127.0
5046,124.0
5047,131.0
5048,134.0
5049,135.0
5050,128.0
5051,128.0
5052,130.0
5053,129.0
5054,127.0
5055,128.0
5056,129.0
5057,126.0
5058,133.0
5059,132.0
5060,124.0
5061,134.0
5062,135.0
5063,132.0
5064,128.0
5065,128.0
5066,132.0
5067,133.0
5068,137.0
5069,126.0
5070,130.0
5071,136.0
5072,140.0
5073,138.0
5074,137.0
5075,136.0
5076,132.0
5077,137.0
5078,147.0
5079,148.0
5080,140.0
5081,134.0
5082,140.0
5083,146.0
5084,144.0
5085,144.0
5086,139.0
5087,136.0
5088,138.0
5089,138.0
5090,142.0
5091,134.0
5092,140.0
5093,140.0
5094,139.0
5095,138.0
5096,138.0
5097,134.0
5098,121.0
5099,129.0
5100,133.0
5101,123.0
5102,123.0
5103,123.0
5104,123.0
5105,123.0
5106,116.0
5107,118.0
5108,122.0
5109,124.0
5110,121.0
5111,120.0
5112,118.0
5113,119.0
5114,115.0
5115,118.0
5116,120.0
5117,115.0
5118,110.0
5119,116.0
5120,110.0
5121,115.0
5122,101.0
5123,108.0
5124,101.0
5125,103.0
5126,105.0
5127,90.0
5128,98.0
5129,91.0
5130,88.0
5131,90.0
5132,92.0
5133,88.0
5134,79.0
5135,80.0
5136,80.0
5137,80.0
5138,86.0
5139,81.0
5140,84.0
5141,83.0
5142,76.0
5143,75.0
5144,85.0
5145,78.0
5146,78.0
5147,79.0
5148,74.0
5149,69.0
5150,78.0
5151,76.0
5152,76.0
5153,76.0
5154,75.0
5155,74.0
5156,71.0
5157,70.0
5158,67.0
5159,63.0
5160,61.0
5161,58.0
5162,58.0
5163,60.0
5164,56.0
5165,53.0
5166,53.0
5167,56.0
5168,58.0
5169,54.0
5170,47.0
5171,42.0
5172,40.0
5173,41.0
5174,41.0
5175,35.0
5176,37.0
5177,36.0
5178,33.0
5179,32.0
5180,30.0
5181,30.0
5182,28.0
5183,25.0
5184,27.0
5185,27.0
5186,26.0
5187,24.0
5188,23.0
5189,19.0
5190,19.0
5191,18.0
5192,19.0
5193,18.0
5194,17.0
5195,14.0
5196,13.0
5197,13.0
5198,14.0
5199,14.0
5200,14.0
5201,12.0
5202,12.0
5203,12.0
5204,13.0
5205,13.0
5206,12.0
5207,11.0
5208,11.0
5209,11.0
5210,12.0
5211,10.0
5212,10.0
5213,9.0
5214,9.0
5215,10.0
5216,10.0
5217,10.0
5218,10.0
5219,10.0
5220,9.0
5221,9.0
5222,10.0
5223,10.0
5224,10.0
5225,10.0
5226,11.0
5227,12.0
5228,12.0
5229,13.0
5230,13.0
5231,11.0
5232,11.0
5233,13.0
5234,14.0
5235,15.0
5236,17.0
5237,17.0
5238,19.0
5239,24.0
5240,27.0
5241,29.0
5242,29.0
5243,28.0
5244,26.0
5245,31.0
5246,32.0
5247,39.0
5248,45.0
5249,47.0
5250,55.0
5251,62.0
5252,80.0
5253,80.0
5254,77.0
5255,80.0
5256,80.0
5257,90.0
5258,104.0
5259,110.0
5260,119.0
5261,108.0
5262,118.0
5263,125.0
5264,121.0
5265,134.0
5266,124.0
5267,133.0
5268,130.0
5269,134.0
5270,132.0
5271,142.0
5272,131.0
5273,136.0
5274,130.0
5275,131.0
5276,140.0
5277,136.0
5278,137.0
5279,123.0
5280,118.0
5281,121.0
5282,117.0
5283,121.0
5284,116.0
5285,116.0
5286,119.0
5287,124.0
5288,123.0
5289,121.0
5290,130.0
5291,123.0
5292,113.0
5293,116.0
5294,120.0
5295,119.0
5296,113.0
5297,113.0
5298,117.0
5299,126.0
5300,122.0
5301,123.0
5302,128.0
5303,118.0
5304,114.0
5305,116.0
5306,120.0
5307,115.0
5308,122.0
5309,124.0
5310,116.0
5311,123.0
5312,122.0
5313,127.0
5314,122.0
5315,121.0
5316,122.0
5317,124.0
5318,120.0
5319,129.0
5320,127.0
5321,124.0
5322,125.0
5323,126.0
5324,120.0
5325,131.0
5326,128.0
5327,124.0
5328,124.0
5329,127.0
5330,128.0
5331,123.0
5332,126.0
5333,125.0
5334,126.0
5335,121.0
5336,128.0
5337,127.0
5338,130.0
5339,128.0
5340,123.0
5341,138.0
5342,128.0
5343,140.0
5344,131.0
5345,127.0
5346,131.0
5347,127.0
5348,121.0
5349,131.0
5350,125.0
5351,118.0
5352,125.0
5353,125.0
5354,133.0
5355,140.0
5356,136.0
5357,128.0
5358,132.0
5359,142.0
5360,150.0
5361,151.0
5362,139.0
5363,136.0
5364,131.0
5365,136.0
5366,153.0
5367,152.0
5368,147.0
5369,137.0
5370,145.0
5371,153.0
5372,156.0
5373,161.0
5374,147.0
5375,142.0
5376,146.0
5377,151.0
5378,161.0
5379,153.0
5380,152.0
5381,146.0
5382,148.0
5383,156.0
5384,151.0
5385,149.0
5386,140.0
5387,144.0
5388,140.0
5389,136.0
5390,130.0
5391,127.0
5392,124.0
5393,129.0
5394,126.0
5395,129.0
5396,133.0
5397,129.0
5398,130.0
5399,126.0
5400,131.0
5401,130.0
5402,131.0
5403,123.0
5404,126.0
5405,119.0
5406,113.0
5407,114.0
5408,117.0
5409,107.0
5410,110.0
5411,114.0
5412,108.0
5413,108.0
5414,114.0
5415,114.0
5416,104.0
5417,100.0
5418,102.0
5419,96.0
5420,96.0
5421,92.0
5422,94.0
5423,89.0
5424,86.0
5425,90.0
5426,86.0
5427,90.0
5428,93.0
5429,84.0
5430,83.0
5431,82.0
5432,80.0
5433,80.0
5434,87.0
5435,85.0
5436,81.0
5437,89.0
5438,81.0
5439,86.0
5440,74.0
5441,77.0
5442,78.0
5443,75.0
5444,76.0
5445,74.0
5446,67.0
5447,66.0
5448,64.0
5449,64.0
5450,70.0
5451,60.0
5452,64.0
5453,59.0
5454,57.0
5455,55.0
5456,56.0
5457,51.0
5458,48.0
5459,44.0
5460,43.0
5461,41.0
5462,45.0
5463,41.0
5464,38.0
5465,34.0
5466,33.0
5467,34.0
5468,34.0
5469,34.0
5470,31.0
5471,29.0
5472,28.0
5473,29.0
5474,27.0
5475,28.0
5476,24.0
5477,21.0
5478,20.0
5479,19.0
5480,21.0
5481,20.0
5482,17.0
5483,15.0
5484,14.0
5485,15.0
5486,16.0
5487,14.0
5488,14.0
5489,13.0
5490,12.0
5491,14.0
5492,14.0
5493,14.0
5494,12.0
5495,12.0
5496,12.0
5497,12.0
5498,12.0
5499,12.0
5500,11.0
5501,11.0
5502,9.0
5503,10.0
5504,10.0
5505,10.0
5506,11.0
5507,10.0
5508,10.0
5509,10.0
5510,10.0
5511,10.0
5512,10.0
5513,10.0
5514,11.0
5515,13.0
5516,14.0
5517,14.0
5518,14.0
5519,13.0
5520,12.0
5521,12.0
5522,15.0
5523,18.0
5524,18.0
5525,18.0
5526,21.0
5527,25.0
5528,28.0
5529,30.0
5530,28.0
5531,28.0
5532,29.0
5533,30.0
5534,35.0
5535,40.0
5536,46.0
5537,48.0
5538,62.0
5539,70.0
5540,78.0
5541,85.0
5542,85.0
5543,80.0
5544,86.0
5545,96.0
5546,106.0
5547,116.0
5548,122.0
5549,127.0
5550,124.0
5551,126.0
5552,133.0
5553,127.0
5554,134.0
5555,135.0
5556,136.0
5557,146.0
5558,138.0
5559,146.0
5560,143.0
5561,149.0
5562,137.0
5563,135.0
5564,140.0
5565,133.0
5566,129.0
5567,128.0
5568,122.0
5569,120.0
5570,124.0
5571,128.0
5572,120.0
5573,118.0
5574,125.0
5575,125.0
5576,130.0
5577,120.0
5578,125.0
5579,126.0
5580,117.0
5581,117.0
5582,112.0
5583,116.0
5584,118.0
5585,118.0
5586,125.0
5587,116.0
5588,114.0
5589,118.0
5590,120.0
5591,122.0
5592,119.0
5593,119.0
5594,123.0
5595,122.0
5596,120.0
5597,124.0
5598,124.0
5599,124.0
5600,130.0
5601,125.0
5602,128.0
5603,124.0
5604,118.0
5605,122.0
5606,121.0
5607,131.0
5608,131.0
5609,124.0
5610,124.0
5611,124.0
5612,130.0
5613,130.0
5614,126.0
5615,115.0
5616,123.0
5617,126.0
5618,125.0
5619,126.0
5620,135.0
5621,127.0
5622,124.0
5623,128.0
5624,130.0
5625,129.0
5626,133.0
5627,129.0
5628,126.0
5629,122.0
5630,131.0
5631,121.0
5632,122.0
5633,124.0
5634,123.0
5635,126.0
5636,135.0
5637,129.0
5638,131.0
5639,130.0
5640,129.0
5641,129.0
5642,140.0
5643,133.0
5644,134.0
5645,135.0
5646,139.0
5647,142.0
5648,150.0
5649,148.0
5650,144.0
5651,138.0
5652,142.0
5653,150.0
5654,172.0
5655,169.0
5656,163.0
5657,165.0
5658,162.0
5659,176.0
5660,167.0
5661,161.0
5662,160.0
5663,148.0
5664,148.0
5665,153.0
5666,141.0
5667,142.0
5668,140.0
5669,142.0
5670,143.0
5671,149.0
5672,137.0
5673,129.0
5674,128.0
5675,124.0
5676,133.0
5677,130.0
5678,131.0
5679,122.0
5680,126.0
5681,126.0
5682,133.0
5683,130.0
5684,136.0
5685,134.0
5686,132.0
5687,130.0
5688,127.0
5689,134.0
5690,136.0
5691,128.0
5692,128.0
5693,126.0
5694,126.0
5695,121.0
5696,119.0
5697,115.0
5698,109.0
5699,116.0
5700,106.0
5701,114.0
5702,114.0
5703,103.0
5704,108.0
5705,98.0
5706,97.0
5707,97.0
5708,99.0
5709,93.0
5710,94.0
5711,93.0
5712,83.0
5713,90.0
5714,88.0
5715,92.0
5716,95.0
5717,96.0
5718,88.0
5719,88.0
5720,86.0
5721,86.0
5722,80.0
5723,80.0
5724,80.0
5725,82.0
5726,82.0
5727,80.0
5728,79.0
5729,80.0
5730,74.0
5731,74.0
5732,78.0
5733,74.0
5734,69.0
5735,71.0
5736,63.0
5737,65.0
5738,70.0
5739,65.0
5740,62.0
5741,62.0
5742,59.0
5743,59.0
5744,59.0
5745,53.0
5746,52.0
5747,48.0
5748,45.0
5749,46.0
5750,48.0
5751,42.0
5752,39.0
5753,40.0
5754,36.0
5755,37.0
5756,36.0
5757,36.0
5758,32.0
5759,30.0
5760,30.0
5761,31.0
5762,30.0
5763,28.0
5764,27.0
5765,24.0
5766,22.0
5767,21.0
5768,22.0
5769,21.0
5770,18.0
5771,17.0
5772,16.0
5773,15.0
5774,16.0
5775,16.0
5776,15.0
5777,14.0
5778,15.0
5779,14.0
5780,15.0
5781,15.0
5782,14.0
5783,13.0
5784,14.0
5785,14.0
5786,14.0
5787,12.0
5788,12.0
5789,11.0
5790,11.0
5791,11.0
5792,10.0
5793,12.0
5794,11.0
5795,11.0
5796,11.0
5797,10.0
5798,11.0
5799,10.0
5800,12.0
5801,11.0
5802,12.0
5803,14.0
5804,15.0
5805,14.0
5806,14.0
5807,13.0
5808,12.0
5809,12.0
5810,14.0
5811,16.0
5812,16.0
5813,17.0
5814,20.0
5815,25.0
5816,27.0
5817,30.0
5818,27.0
5819,27.0
5820,28.0
5821,29.0
5822,34.0
5823,37.0
5824,39.0
5825,44.0
5826,53.0
5827,62.0
5828,73.0
5829,78.0
5830,80.0
5831,76.0
5832,77.0
5833,88.0
5834,99.0
5835,112.0
5836,114.0
5837,119.0
5838,126.0
5839,136.0
5840,136.0
5841,143.0
5842,129.0
5843,128.0
5844,134.0
5845,136.0
5846,128.0
5847,143.0
5848,145.0
5849,133.0
5850,143.0
5851,137.0
5852,142.0
5853,141.0
5854,135.0
5855,128.0
5856,123.0
5857,132.0
5858,126.0
5859,130.0
5860,132.0
5861,124.0
5862,130.0
5863,119.0
5864,126.0
5865,124.0
5866,123.0
5867,123.0
5868,119.0
5869,122.0
5870,124.0
5871,120.0
5872,126.0
5873,115.0
5874,126.0
5875,129.0
5876,128.0
5877,126.0
5878,127.0
5879,120.0
5880,119.0
5881,122.0
5882,122.0
5883,128.0
5884,126.0
5885,121.0
5886,122.0
5887,132.0
5888,134.0
5889,124.0
5890,130.0
5891,130.0
5892,124.0
5893,135.0
5894,126.0
5895,132.0
5896,127.0
5897,127.0
5898,130.0
5899,127.0
5900,143.0
5901,138.0
5902,135.0
5903,131.0
5904,132.0
5905,135.0
5906,135.0
5907,139.0
5908,140.0
5909,135.0
5910,134.0
5911,134.0
5912,138.0
5913,137.0
5914,138.0
5915,136.0
5916,134.0
5917,143.0
5918,143.0
5919,144.0
5920,137.0
5921,138.0
5922,142.0
5923,139.0
5924,138.0
5925,144.0
5926,143.0
5927,135.0
5928,144.0
5929,143.0
5930,147.0
5931,161.0
5932,140.0
5933,144.0
5934,156.0
5935,159.0
5936,158.0
5937,157.0
5938,154.0
5939,145.0
5940,137.0
5941,157.0
5942,162.0
5943,160.0
5944,148.0
5945,151.0
5946,156.0
5947,155.0
5948,158.0
5949,158.0
5950,157.0
5951,145.0
5952,148.0
5953,142.0
5954,144.0
5955,144.0
5956,146.0
5957,145.0
5958,144.0
5959,141.0
5960,142.0
5961,139.0
5962,142.0
5963,136.0
5964,137.0
5965,141.0
5966,140.0
5967,134.0
5968,130.0
5969,132.0
5970,142.0
5971,137.0
5972,131.0
5973,136.0
5974,131.0
5975,131.0
5976,137.0
5977,129.0
5978,136.0
5979,134.0
5980,132.0
5981,132.0
5982,129.0
5983,124.0
5984,135.0
5985,132.0
5986,131.0
5987,127.0
5988,120.0
5989,116.0
5990,124.0
5991,126.0
5992,120.0
5993,118.0
5994,113.0
5995,114.0
5996,115.0
5997,106.0
5998,104.0
5999,102.0
6000,102.0
6001,99.0
6002,103.0
6003,102.0
6004,98.0
6005,101.0
6006,94.0
6007,93.0
6008,97.0
6009,95.0
6010,94.0
6011,94.0
6012,93.0
6013,91.0
6014,94.0
6015,92.0
6016,88.0
6017,88.0
6018,91.0
6019,87.0
6020,90.0
6021,88.0
6022,85.0
6023,82.0
6024,78.0
6025,87.0
6026,81.0
6027,85.0
6028,83.0
6029,81.0
6030,78.0
6031,78.0
6032,79.0
6033,75.0
6034,72.0
6035,68.0
6036,67.0
6037,65.0
6038,66.0
6039,63.0
6040,59.0
6041,58.0
6042,54.0
6043,54.0
6044,54.0
6045,51.0
6046,47.0
6047,46.0
6048,46.0
6049,44.0
6050,46.0
6051,44.0
6052,40.0
6053,36.0
6054,36.0
6055,36.0
6056,34.0
6057,32.0
6058,29.0
6059,29.0
6060,28.0
6061,26.0
6062,27.0
6063,26.0
6064,25.0
6065,24.0
6066,23.0
6067,24.0
6068,25.0
6069,24.0
6070,23.0
6071,22.0
6072,23.0
6073,20.0
6074,22.0
6075,21.0
6076,20.0
6077,16.0
6078,16.0
6079,16.0
6080,16.0
6081,15.0
6082,15.0
6083,16.0
6084,14.0
6085,14.0
6086,14.0
6087,13.0
6088,14.0
6089,13.0
6090,12.0
6091,13.0
6092,13.0
6093,13.0
6094,12.0
6095,10.0
6096,11.0
6097,11.0
6098,12.0
6099,13.0
6100,12.0
6101,12.0
6102,13.0
6103,16.0
6104,15.0
6105,17.0
6106,16.0
6107,17.0
6108,15.0
6109,18.0
6110,18.0
6111,20.0
6112,21.0
6113,22.0
6114,26.0
6115,28.0
6116,32.0
6117,32.0
6118,31.0
6119,29.0
6120,30.0
6121,33.0
6122,37.0
6123,43.0
6124,49.0
6125,48.0
6126,50.0
6127,54.0
6128,60.0
6129,62.0
6130,60.0
6131,58.0
6132,56.0
6133,57.0
6134,64.0
6135,69.0
6136,75.0
6137,78.0
6138,77.0
6139,81.0
6140,89.0
6141,91.0
6142,89.0
6143,88.0
6144,86.0
6145,87.0
6146,87.0
6147,91.0
6148,95.0
6149,94.0
6150,97.0
6151,105.0
6152,109.0
6153,112.0
6154,109.0
6155,105.0
6156,98.0
6157,100.0
6158,99.0
6159,102.0
6160,106.0
6161,110.0
6162,111.0
6163,116.0
6164,114.0
6165,126.0
6166,120.0
6167,118.0
6168,116.0
6169,111.0
6170,117.0
6171,122.0
6172,118.0
6173,124.0
6174,127.0
6175,126.0
6176,127.0
6177,132.0
6178,135.0
6179,125.0
6180,124.0
6181,128.0
6182,128.0
6183,126.0
6184,133.0
6185,133.0
6186,133.0
6187,129.0
6188,134.0
6189,138.0
6190,135.0
6191,138.0
6192,136.0
6193,137.0
6194,134.0
6195,134.0
6196,140.0
6197,136.0
6198,138.0
6199,138.0
6200,139.0
6201,138.0
6202,139.0
6203,128.0
6204,138.0
6205,134.0
6206,136.0
6207,132.0
6208,139.0
6209,139.0
6210,131.0
6211,134.0
6212,140.0
6213,138.0
6214,129.0
6215,133.0
6216,134.0
6217,131.0
6218,130.0
6219,134.0
6220,133.0
6221,130.0
6222,134.0
6223,134.0
6224,128.0
6225,136.0
6226,135.0
6227,137.0
6228,139.0
6229,142.0
6230,139.0
6231,140.0
6232,140.0
6233,140.0
6234,136.0
6235,139.0
6236,138.0
6237,143.0
6238,141.0
6239,135.0
6240,134.0
6241,136.0
6242,132.0
6243,131.0
6244,138.0
6245,132.0
6246,135.0
6247,134.0
6248,143.0
6249,133.0
6250,138.0
6251,132.0
6252,132.0
6253,132.0
6254,129.0
6255,128.0
6256,130.0
6257,134.0
6258,132.0
6259,132.0
6260,129.0
6261,128.0
6262,129.0
6263,129.0
6264,122.0
6265,126.0
6266,128.0
6267,130.0
6268,129.0
6269,124.0
6270,120.0
6271,121.0
6272,117.0
6273,113.0
6274,108.0
6275,108.0
6276,105.0
6277,106.0
6278,104.0
6279,108.0
6280,103.0
6281,100.0
6282,101.0
6283,98.0
6284,96.0
6285,96.0
6286,93.0
6287,88.0
6288,88.0
6289,92.0
6290,94.0
6291,90.0
6292,88.0
6293,88.0
6294,85.0
6295,83.0
6296,87.0
6297,81.0
6298,82.0
6299,83.0
6300,84.0
6301,88.0
6302,88.0
6303,95.0
6304,92.0
6305,85.0
6306,84.0
6307,87.0
6308,86.0
6309,82.0
6310,81.0
6311,82.0
6312,80.0
6313,78.0
6314,80.0
6315,85.0
6316,78.0
6317,80.0
6318,76.0
6319,76.0
6320,76.0
6321,77.0
6322,73.0
6323,68.0
6324,66.0
6325,65.0
6326,66.0
6327,64.0
6328,64.0
6329,62.0
6330,59.0
6331,55.0
6332,54.0
6333,52.0
6334,49.0
6335,46.0
6336,44.0
6337,44.0
6338,46.0
6339,42.0
6340,44.0
6341,40.0
6342,40.0
6343,33.0
6344,36.0
6345,34.0
6346,34.0
6347,29.0
6348,29.0
6349,30.0
6350,28.0
6351,27.0
6352,26.0
6353,23.0
6354,27.0
6355,24.0
6356,25.0
6357,26.0
6358,27.0
6359,24.0
6360,25.0
6361,26.0
6362,25.0
6363,23.0
6364,22.0
6365,21.0
6366,18.0
6367,16.0
6368,18.0
6369,16.0
6370,14.0
6371,15.0
6372,15.0
6373,15.0
6374,14.0
6375,14.0
6376,13.0
6377,13.0
6378,12.0
6379,14.0
6380,13.0
6381,12.0
6382,12.0
6383,12.0
6384,11.0
6385,11.0
6386,10.0
6387,13.0
6388,10.0
6389,11.0
6390,11.0
6391,12.0
6392,12.0
6393,12.0
6394,12.0
6395,10.0
6396,11.0
6397,12.0
6398,13.0
6399,14.0
6400,12.0
6401,12.0
6402,15.0
6403,17.0
6404,19.0
6405,18.0
6406,18.0
6407,17.0
6408,17.0
6409,19.0
6410,21.0
6411,24.0
6412,25.0
6413,28.0
6414,30.0
6415,29.0
6416,30.0
6417,34.0
6418,32.0
6419,32.0
6420,30.0
6421,33.0
6422,36.0
6423,38.0
6424,40.0
6425,42.0
6426,43.0
6427,45.0
6428,47.0
6429,49.0
6430,50.0
6431,52.0
6432,48.0
6433,47.0
6434,50.0
6435,53.0
6436,54.0
6437,55.0
6438,59.0
6439,64.0
6440,67.0
6441,70.0
6442,71.0
6443,72.0
6444,67.0
6445,70.0
6446,72.0
6447,72.0
6448,78.0
6449,78.0
6450,83.0
6451,83.0
6452,91.0
6453,96.0
6454,98.0
6455,92.0
6456,91.0
6457,94.0
6458,92.0
6459,96.0
6460,98.0
6461,102.0
6462,106.0
6463,107.0
6464,106.0
6465,113.0
6466,114.0
6467,112.0
6468,110.0
6469,110.0
6470,110.0
6471,111.0
6472,113.0
6473,114.0
6474,111.0
6475,118.0
6476,114.0
6477,117.0
6478,117.0
6479,121.0
6480,120.0
6481,119.0
6482,126.0
6483,126.0
6484,130.0
6485,131.0
6486,132.0
6487,133.0
6488,134.0
6489,136.0
6490,135.0
6491,134.0
6492,130.0
6493,132.0
6494,134.0
6495,133.0
6496,130.0
6497,132.0
6498,132.0
6499,130.0
6500,127.0
6501,130.0
6502,131.0
6503,129.0
6504,131.0
6505,131.0
6506,130.0
6507,130.0
6508,132.0
6509,131.0
6510,131.0
6511,134.0
6512,128.0
6513,131.0
6514,134.0
6515,129.0
6516,121.0
6517,126.0
6518,125.0
6519,127.0
6520,131.0
6521,127.0
6522,127.0
6523,128.0
6524,134.0
6525,131.0
6526,128.0
6527,128.0
6528,124.0
6529,127.0
6530,126.0
6531,124.0
6532,120.0
6533,123.0
6534,119.0
6535,122.0
6536,128.0
6537,125.0
6538,124.0
6539,119.0
6540,119.0
6541,118.0
6542,122.0
6543,123.0
6544,117.0
6545,120.0
6546,119.0
6547,118.0
6548,117.0
6549,111.0
6550,117.0
6551,110.0
6552,110.0
6553,111.0
6554,115.0
6555,114.0
6556,114.0
6557,110.0
6558,106.0
6559,104.0
6560,101.0
6561,97.0
6562,95.0
6563,93.0
6564,90.0
6565,92.0
6566,90.0
6567,92.0
6568,90.0
6569,89.0
6570,86.0
6571,84.0
6572,87.0
6573,87.0
6574,83.0
6575,82.0
6576,84.0
6577,82.0
6578,83.0
6579,82.0
6580,86.0
6581,87.0
6582,0.0
6583,82.0
6584,80.0
6585,81.0
6586,83.0
6587,79.0
6588,82.0
6589,77.0
6590,81.0
6591,76.0
6592,75.0
6593,74.0
6594,68.0
6595,70.0
6596,66.0
6597,64.0
6598,63.0
6599,61.0
6600,60.0
6601,58.0
6602,62.0
6603,62.0
6604,57.0
6605,56.0
6606,50.0
6607,51.0
6608,48.0
6609,46.0
6610,42.0
6611,41.0
6612,38.0
6613,38.0
6614,40.0
6615,38.0
6616,36.0
6617,34.0
6618,31.0
6619,33.0
6620,30.0
6621,31.0
6622,28.0
6623,25.0
6624,24.0
6625,22.0
6626,22.0
6627,22.0
6628,21.0
6629,19.0
6630,19.0
6631,19.0
6632,19.0
6633,18.0
6634,15.0
6635,14.0
6636,14.0
6637,14.0
6638,14.0
6639,14.0
6640,12.0
6641,12.0
6642,10.0
6643,11.0
6644,11.0
6645,11.0
6646,11.0
6647,10.0
6648,10.0
6649,9.0
6650,10.0
6651,10.0
6652,8.0
6653,9.0
6654,9.0
6655,9.0
6656,10.0
6657,10.0
6658,8.0
6659,9.0
6660,8.0
6661,8.0
6662,10.0
6663,10.0
6664,11.0
6665,11.0
6666,11.0
6667,13.0
6668,15.0
6669,14.0
6670,13.0
6671,12.0
6672,12.0
6673,14.0
6674,14.0
6675,16.0
6676,18.0
6677,19.0
6678,22.0
6679,25.0
6680,28.0
6681,29.0
6682,30.0
6683,28.0
6684,28.0
6685,30.0
6686,34.0
6687,40.0
6688,44.0
6689,48.0
6690,55.0
6691,68.0
6692,73.0
6693,83.0
6694,80.0
6695,80.0
6696,79.0
6697,84.0
6698,97.0
6699,107.0
6700,114.0
6701,113.0
6702,127.0
6703,122.0
6704,128.0
6705,121.0
6706,120.0
6707,120.0
6708,128.0
6709,128.0
6710,132.0
6711,140.0
6712,138.0
6713,128.0
6714,137.0
6715,132.0
6716,134.0
6717,127.0
6718,132.0
6719,127.0
6720,118.0
6721,130.0
6722,130.0
6723,125.0
6724,125.0
6725,114.0
6726,126.0
6727,117.0
6728,126.0
6729,118.0
6730,129.0
6731,114.0
6732,111.0
6733,104.0
6734,104.0
6735,108.0
6736,115.0
6737,123.0
6738,121.0
6739,113.0
6740,121.0
6741,117.0
6742,119.0
6743,116.0
6744,116.0
6745,120.0
6746,122.0
6747,118.0
6748,124.0
6749,116.0
6750,119.0
6751,118.0
6752,119.0
6753,124.0
6754,117.0
6755,116.0
6756,117.0
6757,123.0
6758,124.0
6759,120.0
6760,126.0
6761,123.0
6762,122.0
6763,122.0
6764,123.0
6765,128.0
6766,130.0
6767,126.0
6768,123.0
6769,125.0
6770,136.0
6771,128.0
6772,125.0
6773,130.0
6774,116.0
6775,126.0
6776,122.0
6777,121.0
6778,134.0
6779,126.0
6780,124.0
6781,131.0
6782,122.0
6783,132.0
6784,127.0
6785,127.0
6786,132.0
6787,135.0
6788,129.0
6789,138.0
6790,132.0
6791,134.0
6792,127.0
6793,129.0
6794,134.0
6795,129.0
6796,133.0
6797,132.0
6798,138.0
6799,144.0
6800,149.0
6801,139.0
6802,141.0
6803,132.0
6804,132.0
6805,135.0
6806,144.0
6807,142.0
6808,140.0
6809,137.0
6810,134.0
6811,134.0
6812,145.0
6813,141.0
6814,146.0
6815,147.0
6816,137.0
6817,146.0
6818,137.0
6819,144.0
6820,128.0
6821,131.0
6822,141.0
6823,138.0
6824,141.0
6825,136.0
6826,142.0
6827,138.0
6828,126.0
6829,139.0
6830,139.0
6831,130.0
6832,126.0
6833,126.0
6834,127.0
6835,130.0
6836,128.0
6837,122.0
6838,128.0
6839,120.0
6840,114.0
6841,114.0
6842,120.0
6843,117.0
6844,114.0
6845,114.0
6846,116.0
6847,105.0
6848,111.0
6849,118.0
6850,108.0
6851,111.0
6852,105.0
6853,102.0
6854,102.0
6855,97.0
6856,96.0
6857,95.0
6858,97.0
6859,93.0
6860,93.0
6861,90.0
6862,85.0
6863,85.0
6864,85.0
6865,86.0
6866,86.0
6867,90.0
6868,86.0
6869,82.0
6870,80.0
6871,81.0
6872,76.0
6873,81.0
6874,80.0
6875,75.0
6876,78.0
6877,83.0
6878,85.0
6879,78.0
6880,76.0
6881,76.0
6882,75.0
6883,72.0
6884,71.0
6885,71.0
6886,65.0
6887,58.0
6888,57.0
6889,61.0
6890,60.0
6891,61.0
6892,56.0
6893,52.0
6894,52.0
6895,48.0
6896,49.0
6897,49.0
6898,45.0
6899,38.0
6900,37.0
6901,38.0
6902,38.0
6903,37.0
6904,36.0
6905,34.0
6906,33.0
6907,34.0
6908,32.0
6909,30.0
6910,28.0
6911,26.0
6912,26.0
6913,27.0
6914,28.0
6915,25.0
6916,23.0
6917,19.0
6918,18.0
6919,18.0
6920,20.0
6921,18.0
6922,16.0
6923,14.0
6924,12.0
6925,14.0
6926,14.0
6927,14.0
6928,12.0
6929,12.0
6930,10.0
6931,12.0
6932,12.0
6933,12.0
6934,10.0
6935,10.0
6936,10.0
6937,11.0
6938,10.0
6939,10.0
6940,9.0
6941,8.0
6942,9.0
6943,9.0
6944,11.0
6945,10.0
6946,10.0
6947,9.0
6948,9.0
6949,9.0
6950,10.0
6951,11.0
6952,10.0
6953,10.0
6954,12.0
6955,12.0
6956,14.0
6957,14.0
6958,13.0
6959,14.0
6960,12.0
6961,13.0
6962,16.0
6963,16.0
6964,16.0
6965,18.0
6966,21.0
6967,25.0
6968,26.0
6969,30.0
6970,27.0
6971,29.0
6972,30.0
6973,30.0
6974,34.0
6975,40.0
6976,44.0
6977,50.0
6978,59.0
6979,66.0
6980,77.0
6981,80.0
6982,84.0
6983,79.0
6984,88.0
6985,91.0
6986,108.0
6987,118.0
6988,118.0
6989,122.0
6990,124.0
6991,123.0
6992,132.0
6993,135.0
6994,130.0
6995,130.0
6996,136.0
6997,128.0
6998,136.0
6999,137.0
7000,132.0
7001,131.0
7002,138.0
7003,137.0
7004,131.0
7005,129.0
7006,124.0
7007,116.0
7008,114.0
7009,118.0
7010,122.0
7011,119.0
7012,123.0
7013,126.0
7014,117.0
7015,127.0
7016,119.0
7017,122.0
7018,128.0
7019,122.0
7020,121.0
7021,120.0
7022,118.0
7023,120.0
7024,119.0
7025,120.0
7026,125.0
7027,120.0
7028,115.0
7029,114.0
7030,118.0
7031,117.0
7032,119.0
7033,108.0
7034,121.0
7035,119.0
7036,117.0
7037,124.0
7038,122.0
7039,119.0
7040,125.0
7041,118.0
7042,124.0
7043,116.0
7044,116.0
7045,127.0
7046,125.0
7047,124.0
7048,125.0
7049,126.0
7050,124.0
7051,122.0
7052,130.0
7053,120.0
7054,122.0
7055,122.0
7056,125.0
7057,124.0
7058,126.0
7059,124.0
7060,130.0
7061,127.0
7062,124.0
7063,131.0
7064,134.0
7065,135.0
7066,128.0
7067,128.0
7068,130.0
7069,129.0
7070,127.0
7071,128.0
7072,129.0
7073,126.0
7074,133.0
7075,132.0
7076,124.0
7077,134.0
7078,135.0
7079,132.0
7080,128.0
7081,128.0
7082,132.0
7083,133.0
7084,137.0
7085,126.0
7086,130.0
7087,136.0
7088,140.0
7089,138.0
7090,137.0
7091,136.0
7092,132.0
7093,137.0
7094,147.0
7095,148.0
7096,140.0
7097,134.0
7098,140.0
7099,146.0
7100,144.0
7101,144.0
7102,139.0
7103,136.0
7104,138.0
7105,138.0
7106,142.0
7107,134.0
7108,140.0
7109,140.0
7110,139.0
7111,138.0
7112,138.0
7113,134.0
7114,121.0
7115,129.0
7116,133.0
7117,123.0
7118,123.0
7119,123.0
7120,123.0
7121,123.0
7122,116.0
7123,118.0
7124,122.0
7125,124.0
7126,121.0
7127,120.0
7128,118.0
7129,119.0
7130,115.0
7131,118.0
7132,120.0
7133,115.0
7134,110.0
7135,116.0
7136,110.0
7137,115.0
7138,101.0
7139,108.0
7140,101.0
7141,103.0
7142,105.0
7143,90.0
7144,98.0
7145,91.0
7146,88.0
7147,90.0
7148,92.0
7149,88.0
7150,79.0
7151,80.0
7152,80.0
7153,80.0
7154,86.0
7155,81.0
7156,84.0
7157,83.0
7158,76.0
7159,75.0
7160,85.0
7161,78.0
7162,78.0
7163,79.0
7164,74.0
7165,69.0
7166,78.0
7167,76.0
7168,76.0
7169,76.0
7170,75.0
7171,74.0
7172,71.0
7173,70.0
7174,67.0
7175,63.0
7176,61.0
7177,58.0
7178,58.0
7179,60.0
7180,56.0
7181,53.0
7182,53.0
7183,56.0
7184,58.0
7185,54.0
7186,47.0
7187,42.0
7188,40.0
7189,41.0
7190,41.0
7191,35.0
7192,37.0
7193,36.0
7194,33.0
7195,32.0
7196,30.0
7197,30.0
7198,28.0
7199,25.0
7200,27.0
7201,27.0
7202,26.0
7203,24.0
7204,23.0
7205,19.0
7206,19.0
7207,18.0
7208,19.0
7209,18.0
7210,17.0
7211,14.0
7212,13.0
7213,13.0
7214,14.0
7215,14.0
7216,14.0
7217,12.0
7218,12.0
7219,12.0
7220,13.0
7221,13.0
7222,12.0
7223,11.0
7224,11.0
7225,11.0
7226,12.0
7227,10.0
7228,10.0
7229,9.0
7230,9.0
7231,10.0
7232,10.0
7233,10.0
7234,10.0
7235,10.0
7236,9.0
7237,9.0
7238,10.0
7239,10.0
7240,10.0
7241,10.0
7242,11.0
7243,12.0
7244,12.0
7245,13.0
7246,13.0
7247,11.0
7248,11.0
7249,13.0
7250,14.0
7251,15.0
7252,17.0
7253,17.0
7254,19.0
7255,24.0
7256,27.0
7257,29.0
7258,29.0
7259,28.0
7260,26.0
7261,31.0
7262,32.0
7263,39.0
7264,45.0
7265,47.0
7266,55.0
7267,62.0
7268,80.0
7269,80.0
7270,77.0
7271,80.0
7272,80.0
7273,90.0
7274,104.0
7275,110.0
7276,119.0
7277,108.0
7278,118.0
7279,125.0
7280,121.0
7281,134.0
7282,124.0
7283,133.0
7284,130.0
7285,134.0
7286,132.0
7287,142.0
7288,131.0
7289,136.0
7290,130.0
7291,131.0
7292,140.0
7293,136.0
7294,137.0
7295,123.0
7296,118.0
7297,121.0
7298,117.0
7299,121.0
7300,116.0
7301,116.0
7302,119.0
7303,124.0
7304,123.0
7305,121.0
7306,130.0
7307,123.0
7308,113.0
7309,116.0
7310,120.0
7311,119.0
7312,113.0
7313,113.0
7314,117.0
7315,126.0
7316,122.0
7317,123.0
7318,128.0
7319,118.0
7320,114.0
7321,116.0
7322,120.0
7323,115.0
7324,122.0
7325,124.0
7326,116.0
7327,123.0
7328,122.0
7329,127.0
7330,122.0
7331,121.0
7332,122.0
7333,124.0
7334,120.0
7335,129.0
7336,127.0
7337,124.0
7338,125.0
7339,126.0
7340,120.0
7341,131.0
7342,128.0
7343,124.0
7344,124.0
7345,127.0
7346,128.0
7347,123.0
7348,126.0
7349,125.0
7350,126.0
7351,121.0
7352,128.0
7353,127.0
7354,130.0
7355,128.0
7356,123.0
7357,138.0
7358,128.0
7359,140.0
7360,131.0
7361,127.0
7362,131.0
7363,127.0
7364,121.0
7365,131.0
7366,125.0
7367,118.0
7368,125.0
7369,125.0
7370,133.0
7371,140.0
7372,136.0
7373,128.0
7374,132.0
7375,142.0
7376,150.0
7377,151.0
7378,139.0
7379,136.0
7380,131.0
7381,136.0
7382,153.0
7383,152.0
7384,147.0
7385,137.0
7386,145.0
7387,153.0
7388,156.0
7389,161.0
7390,147.0
7391,142.0
7392,146.0
7393,151.0
7394,161.0
7395,153.0
7396,152.0
7397,146.0
7398,148.0
7399,156.0
7400,151.0
7401,149.0
7402,140.0
7403,144.0
7404,140.0
7405,136.0
7406,130.0
7407,127.0
7408,124.0
7409,129.0
7410,126.0
7411,129.0
7412,133.0
7413,129.0
7414,130.0
7415,126.0
7416,131.0
7417,130.0
7418,131.0
7419,123.0
7420,126.0
7421,119.0
7422,113.0
7423,114.0
7424,117.0
7425,107.0
7426,110.0
7427,114.0
7428,108.0
7429,108.0
7430,114.0
7431,114.0
7432,104.0
7433,100.0
7434,102.0
7435,96.0
7436,96.0
7437,92.0
7438,94.0
7439,89.0
7440,86.0
7441,90.0
7442,86.0
7443,90.0
7444,93.0
7445,84.0
7446,83.0
7447,82.0
7448,80.0
7449,80.0
7450,87.0
7451,85.0
7452,81.0
7453,89.0
7454,81.0
7455,86.0
7456,74.0
7457,77.0
7458,78.0
7459,75.0
7460,76.0
7461,74.0
7462,67.0
7463,66.0
7464,64.0
7465,64.0
7466,70.0
7467,60.0
7468,64.0
7469,59.0
7470,57.0
7471,55.0
7472,56.0
7473,51.0
7474,48.0
7475,44.0
7476,43.0
7477,41.0
7478,45.0
7479,41.0
7480,38.0
7481,34.0
7482,33.0
7483,34.0
7484,34.0
7485,34.0
7486,31.0
7487,29.0
7488,28.0
7489,29.0
7490,27.0
7491,28.0
7492,24.0
7493,21.0
7494,20.0
7495,19.0
7496,21.0
7497,20.0
7498,17.0
7499,15.0
7500,14.0
7501,15.0
7502,16.0
7503,14.0
7504,14.0
7505,13.0
7506,12.0
7507,14.0
7508,14.0
7509,14.0
7510,12.0
7511,12.0
7512,12.0
7513,12.0
7514,12.0
7515,12.0
7516,11.0
7517,11.0
7518,9.0
7519,10.0
7520,10.0
7521,10.0
7522,11.0
7523,10.0
7524,10.0
7525,10.0
7526,10.0
7527,10.0
7528,10.0
7529,10.0
7530,11.0
7531,13.0
7532,14.0
7533,14.0
7534,14.0
7535,13.0
7536,12.0
7537,12.0
7538,15.0
7539,18.0
7540,18.0
7541,18.0
7542,21.0
7543,25.0
7544,28.0
7545,30.0
7546,28.0
7547,28.0
7548,29.0
7549,30.0
7550,35.0
7551,40.0
7552,46.0
7553,48.0
7554,62.0
7555,70.0
7556,78.0
7557,85.0
7558,85.0
7559,80.0
7560,86.0
7561,96.0
7562,106.0
7563,116.0
7564,122.0
7565,127.0
7566,124.0
7567,126.0
7568,133.0
7569,127.0
7570,134.0
7571,135.0
7572,136.0
7573,146.0
7574,138.0
7575,146.0
7576,143.0
7577,149.0
7578,137.0
7579,135.0
7580,140.0
7581,133.0
7582,129.0
7583,128.0
7584,122.0
7585,120.0
7586,124.0
7587,128.0
7588,120.0
7589,118.0
7590,125.0
7591,125.0
7592,130.0
7593,120.0
7594,125.0
7595,126.0
7596,117.0
7597,117.0
7598,112.0
7599,116.0
7600,118.0
7601,118.0
7602,125.0
7603,116.0
7604,114.0
7605,118.0
7606,120.0
7607,122.0
7608,119.0
7609,119.0
7610,123.0
7611,122.0
7612,120.0
7613,124.0
7614,124.0
7615,124.0
7616,130.0
7617,125.0
7618,128.0
7619,124.0
7620,118.0
7621,122.0
7622,121.0
7623,131.0
7624,131.0
7625,124.0
7626,124.0
7627,124.0
7628,130.0
7629,130.0
7630,126.0
7631,115.0
7632,123.0
7633,126.0
7634,125.0
7635,126.0
7636,135.0
7637,127.0
7638,124.0
7639,128.0
7640,130.0
7641,129.0
7642,133.0
7643,129.0
7644,126.0
7645,122.0
7646,131.0
7647,121.0
7648,122.0
7649,124.0
7650,123.0
7651,126.0
7652,135.0
7653,129.0
7654,131.0
7655,130.0
7656,129.0
7657,129.0
7658,140.0
7659,133.0
7660,134.0
7661,135.0
7662,139.0
7663,142.0
7664,150.0
7665,148.0
7666,144.0
7667,138.0
7668,142.0
7669,150.0
7670,172.0
7671,169.0
7672,163.0
7673,165.0
7674,162.0
7675,176.0
7676,167.0
7677,161.0
7678,160.0
7679,148.0
7680,148.0
7681,153.0
7682,141.0
7683,142.0
7684,140.0
7685,142.0
7686,143.0
7687,149.0
7688,137.0
7689,129.0
7690,128.0
7691,124.0
7692,133.0
7693,130.0
7694,131.0
7695,122.0
7696,126.0
7697,126.0
7698,133.0
7699,130.0
7700,136.0
7701,134.0
7702,132.0
7703,130.0
7704,127.0
7705,134.0
7706,136.0
7707,128.0
7708,128.0
7709,126.0
7710,126.0
7711,121.0
7712,119.0
7713,115.0
7714,109.0
7715,116.0
7716,106.0
7717,114.0
7718,114.0
7719,103.0
7720,108.0
7721,98.0
7722,97.0
7723,97.0
7724,99.0
7725,93.0
7726,94.0
7727,93.0
7728,83.0
7729,90.0
7730,88.0
7731,92.0
7732,95.0
7733,96.0
7734,88.0
7735,88.0
7736,86.0
7737,86.0
7738,80.0
7739,80.0
7740,80.0
7741,82.0
7742,82.0
7743,80.0
7744,79.0
7745,80.0
7746,74.0
7747,74.0
7748,78.0
7749,74.0
7750,69.0
7751,71.0
7752,63.0
7753,65.0
7754,70.0
7755,65.0
7756,62.0
7757,62.0
7758,59.0
7759,59.0
7760,59.0
7761,53.0
7762,52.0
7763,48.0
7764,45.0
7765,46.0
7766,48.0
7767,42.0
7768,39.0
7769,40.0
7770,36.0
7771,37.0
7772,36.0
7773,36.0
7774,32.0
7775,30.0
7776,30.0
7777,31.0
7778,30.0
7779,28.0
7780,27.0
7781,24.0
7782,22.0
7783,21.0
7784,22.0
7785,21.0
7786,18.0
7787,17.0
7788,16.0
7789,15.0
7790,16.0
7791,16.0
7792,15.0
7793,14.0
7794,15.0
7795,14.0
7796,15.0
7797,15.0
7798,14.0
7799,13.0
7800,14.0
7801,14.0
7802,14.0
7803,12.0
7804,12.0
7805,11.0
7806,11.0
7807,11.0
7808,10.0
7809,12.0
7810,11.0
7811,11.0
7812,11.0
7813,10.0
7814,11.0
7815,10.0
7816,12.0
7817,11.0
7818,12.0
7819,14.0
7820,15.0
7821,14.0
7822,14.0
7823,13.0
7824,12.0
7825,12.0
7826,14.0
7827,16.0
7828,16.0
7829,17.0
7830,20.0
7831,25.0
7832,27.0
7833,30.0
7834,27.0
7835,27.0
7836,28.0
7837,29.0
7838,34.0
7839,37.0
7840,39.0
7841,44.0
7842,53.0
7843,62.0
7844,73.0
7845,78.0
7846,80.0
7847,76.0
7848,77.0
7849,88.0
7850,99.0
7851,112.0
7852,114.0
7853,119.0
7854,126.0
7855,136.0
7856,136.0
7857,143.0
7858,129.0
7859,128.0
7860,134.0
7861,136.0
7862,128.0
7863,143.0
7864,145.0
7865,133.0
7866,143.0
7867,137.0
7868,142.0
7869,141.0
7870,135.0
7871,128.0
7872,123.0
7873,132.0
7874,126.0
7875,130.0
7876,132.0
7877,124.0
7878,130.0
7879,119.0
7880,126.0
7881,124.0
7882,123.0
7883,123.0
7884,119.0
7885,122.0
7886,124.0
7887,120.0
7888,126.0
7889,115.0
7890,126.0
7891,129.0
7892,128.0
7893,126.0
7894,127.0
7895,120.0
7896,119.0
7897,122.0
7898,122.0
7899,128.0
7900,126.0
7901,121.0
7902,122.0
7903,132.0
7904,134.0
7905,124.0
7906,130.0
7907,130.0
7908,124.0
7909,135.0
7910,126.0
7911,132.0
7912,127.0
7913,127.0
7914,130.0
7915,127.0
7916,143.0
7917,138.0
7918,135.0
7919,131.0
7920,132.0
7921,135.0
7922,135.0
7923,139.0
7924,140.0
7925,135.0
7926,134.0
7927,134.0
7928,138.0
7929,137.0
7930,138.0
7931,136.0
7932,134.0
7933,143.0
7934,143.0
7935,144.0
7936,137.0
7937,138.0
7938,142.0
7939,139.0
7940,138.0
7941,144.0
7942,143.0
7943,135.0
7944,144.0
7945,143.0
7946,147.0
7947,161.0
7948,140.0
7949,144.0
7950,156.0
7951,159.0
7952,158.0
7953,157.0
7954,154.0
7955,145.0
7956,137.0
7957,157.0
7958,162.0
7959,160.0
7960,148.0
7961,151.0
7962,156.0
7963,155.0
7964,158.0
7965,158.0
7966,157.0
7967,145.0
7968,148.0
7969,142.0
7970,144.0
7971,144.0
7972,146.0
7973,145.0
7974,144.0
7975,141.0
7976,142.0
7977,139.0
7978,142.0
7979,136.0
7980,137.0
7981,141.0
7982,140.0
7983,134.0
7984,130.0
7985,132.0
7986,142.0
7987,137.0
7988,131.0
7989,136.0
7990,131.0
7991,131.0
7992,137.0
7993,129.0
7994,136.0
7995,134.0
7996,132.0
7997,132.0
7998,129.0
7999,124.0
8000,135.0
8001,132.0
8002,131.0
8003,127.0
8004,120.0
8005,116.0
8006,124.0
8007,126.0
8008,120.0
8009,118.0
8010,113.0
8011,114.0
8012,115.0
8013,106.0
8014,104.0
8015,102.0
8016,102.0
8017,99.0
8018,103.0
8019,102.0
8020,98.0
8021,101.0
8022,94.0
8023,93.0
8024,97.0
8025,95.0
8026,94.0
8027,94.0
8028,93.0
8029,91.0
8030,94.0
8031,92.0
8032,88.0
8033,88.0
8034,91.0
8035,87.0
8036,90.0
8037,88.0
8038,85.0
8039,82.0
8040,78.0
8041,87.0
8042,81.0
8043,85.0
8044,83.0
8045,81.0
8046,78.0
8047,78.0
8048,79.0
8049,75.0
8050,72.0
8051,68.0
8052,67.0
8053,65.0
8054,66.0
8055,63.0
8056,59.0
8057,58.0
8058,54.0
8059,54.0
8060,54.0
8061,51.0
8062,47.0
8063,46.0
8064,46.0
8065,44.0
8066,46.0
8067,44.0
8068,40.0
8069,36.0
8070,36.0
8071,36.0
8072,34.0
8073,32.0
8074,29.0
8075,29.0
8076,28.0
8077,26.0
8078,27.0
8079,26.0
8080,25.0
8081,24.0
8082,23.0
8083,24.0
8084,25.0
8085,24.0
8086,23.0
8087,22.0
8088,23.0
8089,20.0
8090,22.0
8091,21.0
8092,20.0
8093,16.0
8094,16.0
8095,16.0
8096,16.0
8097,15.0
8098,15.0
8099,16.0
8100,14.0
8101,14.0
8102,14.0
8103,13.0
8104,14.0
8105,13.0
8106,12.0
8107,13.0
8108,13.0
8109,13.0
8110,12.0
8111,10.0
8112,11.0
8113,11.0
8114,12.0
8115,13.0
8116,12.0
8117,12.0
8118,13.0
8119,16.0
8120,15.0
8121,17.0
8122,16.0
8123,17.0
8124,15.0
8125,18.0
8126,18.0
8127,20.0
8128,21.0
8129,22.0
8130,26.0
8131,28.0
8132,32.0
8133,32.0
8134,31.0
8135,29.0
8136,30.0
8137,33.0
8138,37.0
8139,43.0
8140,49.0
8141,48.0
8142,50.0
8143,54.0
8144,60.0
8145,62.0
8146,60.0
8147,58.0
8148,56.0
8149,57.0
8150,64.0
8151,69.0
8152,75.0
8153,78.0
8154,77.0
8155,81.0
8156,89.0
8157,91.0
8158,89.0
8159,88.0
8160,86.0
8161,87.0
8162,87.0
8163,91.0
8164,95.0
8165,94.0
8166,97.0
8167,105.0
8168,109.0
8169,112.0
8170,109.0
8171,105.0
8172,98.0
8173,100.0
8174,99.0
8175,102.0
8176,106.0
8177,110.0
8178,111.0
8179,116.0
8180,114.0
8181,126.0
8182,120.0
8183,118.0
8184,116.0
8185,111.0
8186,117.0
8187,122.0
8188,118.0
8189,124.0
8190,127.0
8191,126.0
8192,127.0
8193,132.0
8194,135.0
8195,125.0
8196,124.0
8197,128.0
8198,128.0
8199,126.0
8200,133.0
8201,133.0
8202,133.0
8203,129.0
8204,134.0
8205,138.0
8206,135.0
8207,138.0
8208,136.0
8209,137.0
8210,134.0
8211,134.0
8212,140.0
8213,136.0
8214,138.0
8215,138.0
8216,139.0
8217,138.0
8218,139.0
8219,128.0
8220,138.0
8221,134.0
8222,136.0
8223,132.0
8224,139.0
8225,139.0
8226,131.0
8227,134.0
8228,140.0
8229,138.0
8230,129.0
8231,133.0
8232,134.0
8233,131.0
8234,130.0
8235,134.0
8236,133.0
8237,130.0
8238,134.0
8239,134.0
8240,128.0
8241,136.0
8242,135.0
8243,137.0
8244,139.0
8245,142.0
8246,139.0
8247,140.0
8248,140.0
8249,140.0
8250,136.0
8251,139.0
8252,138.0
8253,143.0
8254,141.0
8255,135.0
8256,134.0
8257,136.0
8258,132.0
8259,131.0
8260,138.0
8261,132.0
8262,135.0
8263,134.0
8264,143.0
8265,133.0
8266,138.0
8267,132.0
8268,132.0
8269,132.0
8270,129.0
8271,128.0
8272,130.0
8273,134.0
8274,132.0
8275,132.0
8276,129.0
8277,128.0
8278,129.0
8279,129.0
8280,122.0
8281,126.0
8282,128.0
8283,130.0
8284,129.0
8285,124.0
8286,120.0
8287,121.0
8288,117.0
8289,113.0
8290,108.0
8291,108.0
8292,105.0
8293,106.0
8294,104.0
8295,108.0
8296,103.0
8297,100.0
8298,101.0
8299,98.0
8300,96.0
8301,96.0
8302,93.0
8303,88.0
8304,88.0
8305,92.0
8306,94.0
8307,90.0
8308,88.0
8309,88.0
8310,85.0
8311,83.0
8312,87.0
8313,81.0
8314,82.0
8315,83.0
8316,84.0
8317,88.0
8318,88.0
8319,95.0
8320,92.0
8321,85.0
8322,84.0
8323,87.0
8324,86.0
8325,82.0
8326,81.0
8327,82.0
8328,80.0
8329,78.0
8330,80.0
8331,85.0
8332,78.0
8333,80.0
8334,76.0
8335,76.0
8336,76.0
8337,77.0
8338,73.0
8339,68.0
8340,66.0
8341,65.0
8342,66.0
8343,64.0
8344,64.0
8345,62.0
8346,59.0
8347,55.0
8348,54.0
8349,52.0
8350,49.0
8351,46.0
8352,44.0
8353,44.0
8354,46.0
8355,42.0
8356,44.0
8357,40.0
8358,40.0
8359,33.0
8360,36.0
8361,34.0
8362,34.0
8363,29.0
8364,29.0
8365,30.0
8366,28.0
8367,27.0
8368,26.0
8369,23.0
8370,27.0
8371,24.0
8372,25.0
8373,26.0
8374,27.0
8375,24.0
8376,25.0
8377,26.0
8378,25.0
8379,23.0
8380,22.0
8381,21.0
8382,18.0
8383,16.0
8384,18.0
8385,16.0
8386,14.0
8387,15.0
8388,15.0
8389,15.0
8390,14.0
8391,14.0
8392,13.0
8393,13.0
8394,12.0
8395,14.0
8396,13.0
8397,12.0
8398,12.0
8399,12.0
8400,11.0
8401,11.0
8402,10.0
8403,13.0
8404,10.0
8405,11.0
8406,11.0
8407,12.0
8408,12.0
8409,12.0
8410,12.0
8411,10.0
8412,11.0
8413,12.0
8414,13.0
8415,14.0
8416,12.0
8417,12.0
8418,15.0
8419,17.0
8420,19.0
8421,18.0
8422,18.0
8423,17.0
8424,17.0
8425,19.0
8426,21.0
8427,24.0
8428,25.0
8429,28.0
8430,30.0
8431,29.0
8432,30.0
8433,34.0
8434,32.0
8435,32.0
8436,30.0
8437,33.0
8438,36.0
8439,38.0
8440,40.0
8441,42.0
8442,43.0
8443,45.0
8444,47.0
8445,49.0
8446,50.0
8447,52.0
8448,48.0
8449,47.0
8450,50.0
8451,53.0
8452,54.0
8453,55.0
8454,59.0
8455,64.0
8456,67.0
8457,70.0
8458,71.0
8459,72.0
8460,67.0
8461,70.0
8462,72.0
8463,72.0
8464,78.0
8465,78.0
8466,83.0
8467,83.0
8468,91.0
8469,96.0
8470,98.0
8471,92.0
8472,91.0
8473,94.0
8474,92.0
8475,96.0
8476,98.0
8477,102.0
8478,106.0
8479,107.0
8480,106.0
8481,113.0
8482,114.0
8483,112.0
8484,110.0
8485,110.0
8486,110.0
8487,111.0
8488,113.0
8489,114.0
8490,111.0
8491,118.0
8492,114.0
8493,117.0
8494,117.0
8495,121.0
8496,120.0
8497,119.0
8498,126.0
8499,126.0
8500,130.0
8501,131.0
8502,132.0
8503,133.0
8504,134.0
8505,136.0
8506,135.0
8507,134.0
8508,130.0
8509,132.0
8510,134.0
8511,133.0
8512,130.0
8513,132.0
8514,132.0
8515,130.0
8516,127.0
8517,130.0
8518,131.0
8519,129.0
8520,131.0
8521,131.0
8522,130.0
8523,130.0
8524,132.0
8525,131.0
8526,131.0
8527,134.0
8528,128.0
8529,131.0
8530,134.0
8531,129.0
8532,121.0
8533,126.0
8534,125.0
8535,127.0
8536,131.0
8537,127.0
8538,127.0
8539,128.0
8540,134.0
8541,131.0
8542,128.0
8543,128.0
8544,124.0
8545,127.0
8546,126.0
8547,124.0
8548,120.0
8549,123.0
8550,119.0
8551,122.0
8552,128.0
8553,125.0
8554,124.0
8555,119.0
8556,119.0
8557,118.0
8558,122.0
8559,123.0
8560,117.0
8561,120.0
8562,119.0
8563,118.0
8564,117.0
8565,111.0
8566,117.0
8567,110.0
8568,110.0
8569,111.0
8570,115.0
8571,114.0
8572,114.0
8573,110.0
8574,106.0
8575,104.0
8576,101.0
8577,97.0
8578,95.0
8579,93.0
8580,90.0
8581,92.0
8582,90.0
8583,92.0
8584,90.0
8585,89.0
8586,86.0
8587,84.0
8588,87.0
8589,87.0
8590,83.0
8591,82.0
8592,84.0
8593,82.0
8594,83.0
8595,82.0
8596,86.0
8597,87.0
8598,84.0
8599,82.0
8600,80.0
8601,81.0
8602,83.0
8603,79.0
8604,82.0
8605,77.0
8606,81.0
8607,76.0
8608,75.0
8609,74.0
8610,68.0
8611,70.0
8612,66.0
8613,64.0
8614,63.0
8615,61.0
8616,60.0
8617,58.0
8618,62.0
8619,62.0
8620,57.0
8621,56.0
8622,50.0
8623,51.0
8624,48.0
8625,46.0
8626,42.0
8627,41.0
8628,38.0
8629,38.0
8630,40.0
8631,38.0
8632,36.0
8633,34.0
8634,31.0
8635,33.0
8636,30.0
8637,31.0
8638,28.0
8639,25.0
